Handle,title,Body (HTML),Vendor,Type,Tags,Published,Option1 Name,Option1 Value,Option2 Name,Option2 Value,Option3 Name,Option3 Value,Variant SKU,Variant Grams,Variant Inventory Tracker,Variant Inventory Qty,Variant Inventory Policy,Variant Fulfillment Service,Variant Price,Variant Compare At Price,Variant Requires Shipping,Variant Taxable,Variant Barcode,Image Src,Image Position,Image Alt Text
dreamcatcher-bedding-set-feather-printed-duvet-cover-boho-bedclothes-3pcs-bald-eagle-home-textiles,Dreamcatcher Bedding Set Feather Printed Duvet Cover Boho Bedclothes 3pcs Bald Eagle Home Textiles,"<div>
            <h3><strong><span>UPGRADE YOUR LIFESTYLE WITH TRENDY BEDCOVER</span></strong></h3>
            <p><span>Trends change a lot with the passage of time. That’s why we make sure to bring you the trendiest fashionable bed covers.</span></p>
            <h3><strong><span>SLEEP IN AVANT-GARDE STYLE</span></strong></h3>
            <p><span>This bedding set has the most fascinating catchy look, with colourful artwork that leaves everyone staring in awe. Let your bed cover remind you to <em>laugh, live every moment</em> and <em>love beyond words</em>.</span></p>
            <h3><strong><span>UPDATE YOUR BEDROOM APPEAL</span></strong></h3>
            <p><span>Give your bedroom a supreme trendy look with this bed cover that reflects your stylish and happy-go-lucky lifestyle. Your exclusive tastes can only be satisfied with a unique microfiber bed cover like this one.</span></p>
            <h3><strong><span>MADE WITH 100% PURE AND SUPERIOR FABRIC</span></strong></h3>
            The quality of this bed cover is owed to the use of microfiber material. That’s what makes it not only good-looking, but also comfortable, soft, relaxing, and surprisingly long-lasting. We give 100% guarantee to our customers when it comes to quality and durability. This wrinkle-free and fade-resistant bed cover set is easy to use, easy to care for and easy to wash.
            <div>
                <br />
                <h3><strong><span>BED SET INCLUDES: 1* DUVET COVER 2* PILLOWCASES</span></strong></h3>
            </div>
            </div>",,"duvet cover, bedding sets","duvet cover, bedding sets",TRUE,Size,Twin,,,,,,,,50,deny,manual,78.5,98,,,,https://ae01.alicdn.com/kf/HTB1Jfzdum8YBeNkSnb4q6yevFXae/BeddingOutlet-Dreamcatcher-Bedding-Set-Queen-Size-Feather-Blue-Printed-Duvet-Cover-Boho-Bedclothes-3pcs-Bald-Eagle.jpg,1,
dreamcatcher-bedding-set-feather-printed-duvet-cover-boho-bedclothes-3pcs-bald-eagle-home-textiles,,,,,,TRUE,,Full,,,,,,,,50,deny,manual,84.5,105.6,,,,https://ae01.alicdn.com/kf/HTB1yoF7a25TBuNjSspmq6yDRVXaV/BeddingOutlet-Dreamcatcher-Bedding-Set-Queen-Size-Feather-Blue-Printed-Duvet-Cover-Boho-Bedclothes-3pcs-Bald-Eagle.jpg,2,
dreamcatcher-bedding-set-feather-printed-duvet-cover-boho-bedclothes-3pcs-bald-eagle-home-textiles,,,,,,TRUE,,Queen,,,,,,,,50,deny,manual,89.5,111.9,,,,https://ae01.alicdn.com/kf/HTB1Jpzta.R1BeNjy0Fmq6z0wVXaz/BeddingOutlet-Dreamcatcher-Bedding-Set-Queen-Size-Feather-Blue-Printed-Duvet-Cover-Boho-Bedclothes-3pcs-Bald-Eagle.jpg,3,
dreamcatcher-bedding-set-feather-printed-duvet-cover-boho-bedclothes-3pcs-bald-eagle-home-textiles,,,,,,TRUE,,King,,,,,,,,50,deny,manual,98.5,123,,,,https://ae01.alicdn.com/kf/HTB1A__oXTqWBKNjSZFxq6ApLpXa6/BeddingOutlet-Dreamcatcher-Bedding-Set-Queen-Size-Feather-Blue-Printed-Duvet-Cover-Boho-Bedclothes-3pcs-Bald-Eagle.jpg,4,
dreamcatcher-bedding-set-feather-printed-duvet-cover-boho-bedclothes-3pcs-bald-eagle-home-textiles,,,,,,TRUE,,California King,,,,,,,,50,deny,manual,98.5,123,,,,https://ae01.alicdn.com/kf/HTB1P.8Qa7KWBuNjy1zjq6AOypXas/BeddingOutlet-Dreamcatcher-Bedding-Set-Queen-Size-Feather-Blue-Printed-Duvet-Cover-Boho-Bedclothes-3pcs-Bald-Eagle.jpg,5,
dreamcatcher-bedding-set-feather-printed-duvet-cover-boho-bedclothes-3pcs-bald-eagle-home-textiles,,,,,,,,,,,,,,,,,,,,,,,,https://ae01.alicdn.com/kf/HTB1xMN7a1uSBuNjSsziq6zq8pXaE/BeddingOutlet-Dreamcatcher-Bedding-Set-Queen-Size-Feather-Blue-Printed-Duvet-Cover-Boho-Bedclothes-3pcs-Bald-Eagle.jpg,6,
dreamcatcher-bedding-set-twin-full-galaxy-golden-print-bohemian-bedclothes-3d-duvet-cover-3pcs-luxury,Dreamcatcher Bedding Set Twin Full Galaxy Golden Print Bohemian Bedclothes 3d Duvet Cover 3pcs Luxury,"<h3><strong><span>SWEET BEDCOVER FOR YOUR SWEET DREAMS</span></strong></h3>
        <p><span>When anyone enters a bedroom, the first thing they notice is the bed. This is precisely why an aesthetic bed cover with gorgeous design is a must.</span></p>
        <h3><strong><span>A BEDCOVER YOU CAN’T TAKE YOUR EYES OFF</span></strong></h3>
        <p><span>With a remarkable cluster of brilliant colours and fancy artwork, this bed set highlights the impression of your bedroom in an exquisite manner. The impressive arrangement of sundry designs in catchy colors and pattern make it a magnificent view for all.</span></p>
        <h3><strong><span>SUPERIOR FABRIC QUALITY THAT YOU DESERVE</span></strong></h3>
        <p>Our premium quality bed covers are made of microfiber, and that’s what makes them special. Microfiber bed covers offer unmatched softness and durability. What makes this bed cover unique from the rest are its qualities of wrinkle and fade resistance. The 1 quilt cover and 2 matching pillowcases, all are made of 100% pure and premier microfiber for luxurious feel. You’ll never want to leave your bed!</p>
        <br />
        <h3><strong><span>BED SET INCLUDES: 1* DUVET COVER 2* PILLOWCASES</span></strong></h3>",,"duvet cover, bedding sets","duvet cover, bedding sets",TRUE,Size,Twin,,,,,,,,50,deny,manual,78.5,98,,,,https://ae01.alicdn.com/kf/HTB1yMBQaMmTBuNjy1Xbq6yMrVXay/BeddingOutlet-Dreamcatcher-Bedding-Set-Twin-Full-Queen-King-Galaxy-Golden-Print-Bohemian-Bedclothes-3d-Duvet-Cover.jpg,1,
dreamcatcher-bedding-set-twin-full-galaxy-golden-print-bohemian-bedclothes-3d-duvet-cover-3pcs-luxury,,,,,,TRUE,,Full,,,,,,,,50,deny,manual,84.5,105.6,,,,https://ae01.alicdn.com/kf/HTB1CTIYggoQMeJjy0Fnq6z8gFXaw/BeddingOutlet-Dreamcatcher-Bedding-Set-Twin-Full-Queen-King-Galaxy-Golden-Print-Bohemian-Bedclothes-3d-Duvet-Cover.jpg,2,
dreamcatcher-bedding-set-twin-full-galaxy-golden-print-bohemian-bedclothes-3d-duvet-cover-3pcs-luxury,,,,,,TRUE,,Queen,,,,,,,,50,deny,manual,89.5,111.9,,,,https://ae01.alicdn.com/kf/HTB1y80Mj.QIL1JjSZFhq6yDZFXa0/BeddingOutlet-Dreamcatcher-Bedding-Set-Twin-Full-Queen-King-Galaxy-Golden-Print-Bohemian-Bedclothes-3d-Duvet-Cover.jpg,3,
dreamcatcher-bedding-set-twin-full-galaxy-golden-print-bohemian-bedclothes-3d-duvet-cover-3pcs-luxury,,,,,,TRUE,,King,,,,,,,,50,deny,manual,98.5,123,,,,https://ae01.alicdn.com/kf/HTB1EptUaSCWBuNjy0Fhq6z6EVXaH/BeddingOutlet-Dreamcatcher-Bedding-Set-Twin-Full-Queen-King-Galaxy-Golden-Print-Bohemian-Bedclothes-3d-Duvet-Cover.jpg,4,
dreamcatcher-bedding-set-twin-full-galaxy-golden-print-bohemian-bedclothes-3d-duvet-cover-3pcs-luxury,,,,,,TRUE,,California King,,,,,,,,50,deny,manual,98.5,123,,,,https://ae01.alicdn.com/kf/HTB1jLuIXwCYW1JjSZFCq6AxLVXax/BeddingOutlet-Dreamcatcher-Bedding-Set-Twin-Full-Queen-King-Galaxy-Golden-Print-Bohemian-Bedclothes-3d-Duvet-Cover.jpg,5,
dreamcatcher-bedding-set-twin-full-galaxy-golden-print-bohemian-bedclothes-3d-duvet-cover-3pcs-luxury,,,,,,,,,,,,,,,,,,,,,,,,https://ae01.alicdn.com/kf/HTB1OlTIcE1HTKJjSZFmq6xeYFXaa/BeddingOutlet-Dreamcatcher-Bedding-Set-Twin-Full-Queen-King-Galaxy-Golden-Print-Bohemian-Bedclothes-3d-Duvet-Cover.jpg,6,
dreamcatcher-bedding-set-feathers-print-duvet-cover-set-angel-wings-home-textiles-colorful-bedclothes-3pcs,Dreamcatcher Bedding Set Feathers Print Duvet Cover Set Angel Wings Home Textiles Colorful Bedclothes 3pcs,"<div>
            <h3><strong><span>UPGRADE YOUR LIFESTYLE WITH TRENDY BEDCOVER</span></strong></h3>
            <p><span>Trends change a lot with the passage of time. That’s why we make sure to bring you the trendiest fashionable bed covers.</span></p>
            <h3><strong><span>SLEEP IN AVANT-GARDE STYLE</span></strong></h3>
            <p><span>This bedding set has the most fascinating catchy look, with colourful artwork that leaves everyone staring in awe. Let your bed cover remind you to <em>laugh, live every moment</em> and <em>love beyond words</em>.</span></p>
            <h3><strong><span>UPDATE YOUR BEDROOM APPEAL</span></strong></h3>
            <p><span>Give your bedroom a supreme trendy look with this bed cover that reflects your stylish and happy-go-lucky lifestyle. Your exclusive tastes can only be satisfied with a unique microfiber bed cover like this one.</span></p>
            <h3><strong><span>MADE WITH 100% PURE AND SUPERIOR FABRIC</span></strong></h3>
            The quality of this bed cover is owed to the use of microfiber material. That’s what makes it not only good-looking, but also comfortable, soft, relaxing, and surprisingly long-lasting. We give 100% guarantee to our customers when it comes to quality and durability. This wrinkle-free and fade-resistant bed cover set is easy to use, easy to care for and easy to wash.
            <div>
                <br />
                <h3><strong><span>BED SET INCLUDES: 1* DUVET COVER 2* PILLOWCASES</span></strong></h3>
            </div>
            </div>",,"duvet cover, bedding sets","duvet cover, bedding sets",TRUE,Size,Twin,,,,,,,,50,deny,manual,78.5,98,,,,https://ae01.alicdn.com/kf/HTB1zutAf5qAXuNjy1Xdq6yYcVXay/BeddingOutlet-Dreamcatcher-Bedding-Set-Feathers-Print-Duvet-Cover-Set-Angel-Wings-Blue-Home-Textiles-Colorful-Bedclothes.jpg,1,
dreamcatcher-bedding-set-feathers-print-duvet-cover-set-angel-wings-home-textiles-colorful-bedclothes-3pcs,,,,,,TRUE,,Full,,,,,,,,50,deny,manual,84.5,105.6,,,,https://ae01.alicdn.com/kf/HTB1GWD8ilDH8KJjy1zeq6xjepXap/BeddingOutlet-Dreamcatcher-Bedding-Set-Feathers-Print-Duvet-Cover-Set-Angel-Wings-Blue-Home-Textiles-Colorful-Bedclothes.jpg,2,
dreamcatcher-bedding-set-feathers-print-duvet-cover-set-angel-wings-home-textiles-colorful-bedclothes-3pcs,,,,,,TRUE,,Queen,,,,,,,,50,deny,manual,89.5,111.9,,,,https://ae01.alicdn.com/kf/HTB1m06zidbJ8KJjy1zjq6yqapXaQ/BeddingOutlet-Dreamcatcher-Bedding-Set-Feathers-Print-Duvet-Cover-Set-Angel-Wings-Blue-Home-Textiles-Colorful-Bedclothes.jpg,3,
dreamcatcher-bedding-set-feathers-print-duvet-cover-set-angel-wings-home-textiles-colorful-bedclothes-3pcs,,,,,,TRUE,,King,,,,,,,,50,deny,manual,98.5,123,,,,https://ae01.alicdn.com/kf/HTB1sLH4ihrI8KJjy0Fpq6z5hVXaQ/BeddingOutlet-Dreamcatcher-Bedding-Set-Feathers-Print-Duvet-Cover-Set-Angel-Wings-Blue-Home-Textiles-Colorful-Bedclothes.jpg,4,
dreamcatcher-bedding-set-feathers-print-duvet-cover-set-angel-wings-home-textiles-colorful-bedclothes-3pcs,,,,,,TRUE,,California King,,,,,,,,50,deny,manual,98.5,123,,,,https://ae01.alicdn.com/kf/HTB1JPZdigfH8KJjy1zcq6ATzpXaG/BeddingOutlet-Dreamcatcher-Bedding-Set-Feathers-Print-Duvet-Cover-Set-Angel-Wings-Blue-Home-Textiles-Colorful-Bedclothes.jpg,5,
dreamcatcher-bedding-set-feathers-print-duvet-cover-set-angel-wings-home-textiles-colorful-bedclothes-3pcs,,,,,,,,,,,,,,,,,,,,,,,,https://ae01.alicdn.com/kf/HTB14jR0cjgy_uJjSZLeq6yPlFXan/BeddingOutlet-Dreamcatcher-Bedding-Set-Feathers-Print-Duvet-Cover-Set-Angel-Wings-Blue-Home-Textiles-Colorful-Bedclothes.jpg,6,
dreamcatcher-bedding-set-colorful-feathers-duvet-cover-night-moon-bedclothes-3pcs-black-bohemian-bed-set,Dreamcatcher Bedding Set Colorful Feathers Duvet Cover Night Moon Bedclothes 3pcs Black Bohemian Bed Set,"<div>
            <h3><strong><span>UPGRADE YOUR LIFESTYLE WITH TRENDY BEDCOVER</span></strong></h3>
            <p><span>Trends change a lot with the passage of time. That’s why we make sure to bring you the trendiest fashionable bed covers.</span></p>
            <h3><strong><span>SLEEP IN AVANT-GARDE STYLE</span></strong></h3>
            <p><span>This bedding set has the most fascinating catchy look, with colourful artwork that leaves everyone staring in awe. Let your bed cover remind you to <em>laugh, live every moment</em> and <em>love beyond words</em>.</span></p>
            <h3><strong><span>UPDATE YOUR BEDROOM APPEAL</span></strong></h3>
            <p><span>Give your bedroom a supreme trendy look with this bed cover that reflects your stylish and happy-go-lucky lifestyle. Your exclusive tastes can only be satisfied with a unique microfiber bed cover like this one.</span></p>
            <h3><strong><span>MADE WITH 100% PURE AND SUPERIOR FABRIC</span></strong></h3>
            The quality of this bed cover is owed to the use of microfiber material. That’s what makes it not only good-looking, but also comfortable, soft, relaxing, and surprisingly long-lasting. We give 100% guarantee to our customers when it comes to quality and durability. This wrinkle-free and fade-resistant bed cover set is easy to use, easy to care for and easy to wash.
            <div>
                <br />
                <h3><strong><span>BED SET INCLUDES: 1* DUVET COVER 2* PILLOWCASES</span></strong></h3>
            </div>
            </div>",,"duvet cover, bedding sets","duvet cover, bedding sets",TRUE,Size,Twin,,,,,,,,50,deny,manual,78.5,98,,,,https://ae01.alicdn.com/kf/HTB1L6qCCwmTBuNjy1Xbq6yMrVXaF/BeddingOutlet-Dreamcatcher-Bedding-Set-Queen-Colorful-Feathers-Duvet-Cover-Night-Moon-Bedclothes-3pcs-Black-Bohemian-Bed.jpg,1,
dreamcatcher-bedding-set-colorful-feathers-duvet-cover-night-moon-bedclothes-3pcs-black-bohemian-bed-set,,,,,,TRUE,,Full,,,,,,,,50,deny,manual,84.5,105.6,,,,https://ae01.alicdn.com/kf/HTB1albHaamWBuNkHFJHq6yatVXaq/BeddingOutlet-Dreamcatcher-Bedding-Set-Queen-Colorful-Feathers-Duvet-Cover-Night-Moon-Bedclothes-3pcs-Black-Bohemian-Bed.jpg,2,
dreamcatcher-bedding-set-colorful-feathers-duvet-cover-night-moon-bedclothes-3pcs-black-bohemian-bed-set,,,,,,TRUE,,Queen,,,,,,,,50,deny,manual,89.5,111.9,,,,https://ae01.alicdn.com/kf/HTB1PZLIcf1TBuNjy0Fjq6yjyXXaR/BeddingOutlet-Dreamcatcher-Bedding-Set-Queen-Colorful-Feathers-Duvet-Cover-Night-Moon-Bedclothes-3pcs-Black-Bohemian-Bed.jpg,3,
dreamcatcher-bedding-set-colorful-feathers-duvet-cover-night-moon-bedclothes-3pcs-black-bohemian-bed-set,,,,,,TRUE,,King,,,,,,,,50,deny,manual,98.5,123,,,,https://ae01.alicdn.com/kf/HTB1MOztchSYBuNjSsphq6zGvVXac/BeddingOutlet-Dreamcatcher-Bedding-Set-Queen-Colorful-Feathers-Duvet-Cover-Night-Moon-Bedclothes-3pcs-Black-Bohemian-Bed.jpg,4,
dreamcatcher-bedding-set-colorful-feathers-duvet-cover-night-moon-bedclothes-3pcs-black-bohemian-bed-set,,,,,,TRUE,,California King,,,,,,,,50,deny,manual,98.5,123,,,,https://ae01.alicdn.com/kf/HTB1U9vPch9YBuNjy0Ffq6xIsVXa6/BeddingOutlet-Dreamcatcher-Bedding-Set-Queen-Colorful-Feathers-Duvet-Cover-Night-Moon-Bedclothes-3pcs-Black-Bohemian-Bed.jpg,5,
dreamcatcher-bedding-set-colorful-feathers-duvet-cover-night-moon-bedclothes-3pcs-black-bohemian-bed-set,,,,,,,,,,,,,,,,,,,,,,,,https://ae01.alicdn.com/kf/HTB1GSrlcbSYBuNjSspiq6xNzpXaA/BeddingOutlet-Dreamcatcher-Bedding-Set-Queen-Colorful-Feathers-Duvet-Cover-Night-Moon-Bedclothes-3pcs-Black-Bohemian-Bed.jpg,6,
watercolor-dreamcatcher-bedding-set-purple-and-white-double-quilt-cover-with-pillowcases-girls-bedclothes-3pcs,Watercolor Dreamcatcher Bedding Set Purple and White Double Quilt Cover With Pillowcases Girls Bedclothes 3pcs,"<h3><strong>FASHIONABLE BED COVERS<span> FOR ULTIMATE COMFORT AND QUALITY</span></strong></h3>
        <p><span>We all place our comfort at top priority, especially in the bedroom. At the close of a hectic daily routine, all we want is to snuggle in our comfortable bed.  Well, your bed can’t be the ultimate relaxation spot without a comfortable bedcover!</span></p>
        <h3><strong><span>LIE DOWN ON LUXURY DUVET</span></strong></h3>
        <p><span>This bed set is made of the most comfortable and soft fabric: microfiber cloth. With 100% satisfaction guarantee, we deliver our customers the finest quality bed covers that will redefine comfort.</span></p>
        <h3><strong><span>EXPERIENCE PREMIUM QUALITY BED COVERS</span></strong></h3>
        <p><span>Other materials make the bedcover sheets irritable after a time of use, but microfiber bed covers are exceptional. No matter how often you use it, it will feel comfy and new every time. Softness and strength come together in microfiber fabric to produce luxurious comfort and tough durability.</span></p>
        <h3><strong><span>USE AGAIN AND AGAIN</span></strong></h3>
        <p>Microfiber fabric worn-out and the colours, print and textile are guaranteed to work longer and remain intact. So, never lose your comfort with this Bohemian bedcover. With tender washing and line dry, you can use this bedcover with ultimate assurance.</p>
        <br />
        <h3><strong><span>BED SET INCLUDES:  1* DUVET COVER 2* PILLOWCASES</span></strong></h3>",,"duvet cover, bedding sets","duvet cover, bedding sets",TRUE,Size,Twin,,,,,,,,50,deny,manual,78.5,98,,,,https://ae01.alicdn.com/kf/HTB1f5_5ff5TBuNjSspmq6yDRVXaK/BeddingOutlet-Watercolor-Dreamcatcher-Bedding-Set-Purple-and-White-Double-Quilt-Cover-With-Pillowcases-Girls-Bedclothes-3pcs.jpg,1,
watercolor-dreamcatcher-bedding-set-purple-and-white-double-quilt-cover-with-pillowcases-girls-bedclothes-3pcs,,,,,,TRUE,,Full,,,,,,,,50,deny,manual,84.5,105.6,,,,https://ae01.alicdn.com/kf/HTB1uJbEfXuWBuNjSszbq6AS7FXaF/BeddingOutlet-Watercolor-Dreamcatcher-Bedding-Set-Purple-and-White-Double-Quilt-Cover-With-Pillowcases-Girls-Bedclothes-3pcs.jpg,2,
watercolor-dreamcatcher-bedding-set-purple-and-white-double-quilt-cover-with-pillowcases-girls-bedclothes-3pcs,,,,,,TRUE,,Queen,,,,,,,,50,deny,manual,89.5,111.9,,,,https://ae01.alicdn.com/kf/HTB1Apf5fkSWBuNjSszdq6zeSpXa7/BeddingOutlet-Watercolor-Dreamcatcher-Bedding-Set-Purple-and-White-Double-Quilt-Cover-With-Pillowcases-Girls-Bedclothes-3pcs.jpg,3,
watercolor-dreamcatcher-bedding-set-purple-and-white-double-quilt-cover-with-pillowcases-girls-bedclothes-3pcs,,,,,,TRUE,,King,,,,,,,,50,deny,manual,98.5,123,,,,https://ae01.alicdn.com/kf/HTB16MIybiQnBKNjSZFmq6AApVXat/BeddingOutlet-Watercolor-Dreamcatcher-Bedding-Set-Purple-and-White-Double-Quilt-Cover-With-Pillowcases-Girls-Bedclothes-3pcs.jpg,4,
watercolor-dreamcatcher-bedding-set-purple-and-white-double-quilt-cover-with-pillowcases-girls-bedclothes-3pcs,,,,,,TRUE,,California King,,,,,,,,50,deny,manual,98.5,123,,,,https://ae01.alicdn.com/kf/HTB1AvIbfb9YBuNjy0Fgq6AxcXXas/BeddingOutlet-Watercolor-Dreamcatcher-Bedding-Set-Purple-and-White-Double-Quilt-Cover-With-Pillowcases-Girls-Bedclothes-3pcs.jpg,5,
watercolor-dreamcatcher-bedding-set-purple-and-white-double-quilt-cover-with-pillowcases-girls-bedclothes-3pcs,,,,,,,,,,,,,,,,,,,,,,,,https://ae01.alicdn.com/kf/HTB1bb_2feuSBuNjy1Xcq6AYjFXaO/BeddingOutlet-Watercolor-Dreamcatcher-Bedding-Set-Purple-and-White-Double-Quilt-Cover-With-Pillowcases-Girls-Bedclothes-3pcs.jpg,6,
dreamcatcher-bedding-set-feathers-print-duvet-cover-bohemian-bedclothes-3pcs-dreams-come-ture-home-textiles,Dreamcatcher Bedding Set Feathers Print Duvet Cover Bohemian Bedclothes 3pcs Dreams Come Ture Home Textiles,"<div>
            <h3><strong><span>UPGRADE YOUR LIFESTYLE WITH TRENDY BEDCOVER</span></strong></h3>
            <p><span>Trends change a lot with the passage of time. That’s why we make sure to bring you the trendiest fashionable bed covers.</span></p>
            <h3><strong><span>SLEEP IN AVANT-GARDE STYLE</span></strong></h3>
            <p><span>This bedding set has the most fascinating catchy look, with colourful artwork that leaves everyone staring in awe. Let your bed cover remind you to <em>laugh, live every moment</em> and <em>love beyond words</em>.</span></p>
            <h3><strong><span>UPDATE YOUR BEDROOM APPEAL</span></strong></h3>
            <p><span>Give your bedroom a supreme trendy look with this bed cover that reflects your stylish and happy-go-lucky lifestyle. Your exclusive tastes can only be satisfied with a unique microfiber bed cover like this one.</span></p>
            <h3><strong><span>MADE WITH 100% PURE AND SUPERIOR FABRIC</span></strong></h3>
            The quality of this bed cover is owed to the use of microfiber material. That’s what makes it not only good-looking, but also comfortable, soft, relaxing, and surprisingly long-lasting. We give 100% guarantee to our customers when it comes to quality and durability. This wrinkle-free and fade-resistant bed cover set is easy to use, easy to care for and easy to wash.
            <div>
                <br />
                <h3><strong><span>BED SET INCLUDES: 1* DUVET COVER 2* PILLOWCASES</span></strong></h3>
            </div>
            </div>",,"duvet cover, bedding sets","duvet cover, bedding sets",TRUE,Size,Twin,,,,,,,,50,deny,manual,78.5,98,,,,https://ae01.alicdn.com/kf/HTB1TvRYIeOSBuNjy0Fdq6zDnVXaR/BeddingOutlet-Dreamcatcher-Bedding-Set-Queen-Feathers-Print-Duvet-Cover-Bohemian-Bedclothes-3pcs-Dreams-Come-Ture-Home.jpg,1,
dreamcatcher-bedding-set-feathers-print-duvet-cover-bohemian-bedclothes-3pcs-dreams-come-ture-home-textiles,,,,,,TRUE,,Full,,,,,,,,50,deny,manual,84.5,105.6,,,,https://ae01.alicdn.com/kf/HTB1Hhj.mXkoBKNjSZFkq6z4tFXap/BeddingOutlet-Dreamcatcher-Bedding-Set-Queen-Feathers-Print-Duvet-Cover-Bohemian-Bedclothes-3pcs-Dreams-Come-Ture-Home.jpg,2,
dreamcatcher-bedding-set-feathers-print-duvet-cover-bohemian-bedclothes-3pcs-dreams-come-ture-home-textiles,,,,,,TRUE,,Queen,,,,,,,,50,deny,manual,89.5,111.9,,,,https://ae01.alicdn.com/kf/HTB1F6LRa56guuRkSmLyq6AulFXac/BeddingOutlet-Dreamcatcher-Bedding-Set-Queen-Feathers-Print-Duvet-Cover-Bohemian-Bedclothes-3pcs-Dreams-Come-Ture-Home.jpg,3,
dreamcatcher-bedding-set-feathers-print-duvet-cover-bohemian-bedclothes-3pcs-dreams-come-ture-home-textiles,,,,,,TRUE,,King,,,,,,,,50,deny,manual,98.5,123,,,,https://ae01.alicdn.com/kf/HTB1g0BCIgmTBuNjy1Xbq6yMrVXaX/BeddingOutlet-Dreamcatcher-Bedding-Set-Queen-Feathers-Print-Duvet-Cover-Bohemian-Bedclothes-3pcs-Dreams-Come-Ture-Home.jpg,4,
dreamcatcher-bedding-set-feathers-print-duvet-cover-bohemian-bedclothes-3pcs-dreams-come-ture-home-textiles,,,,,,TRUE,,California King,,,,,,,,50,deny,manual,98.5,123,,,,https://ae01.alicdn.com/kf/HTB1V7Y1a56guuRkSnb4q6zu4XXaY/BeddingOutlet-Dreamcatcher-Bedding-Set-Queen-Feathers-Print-Duvet-Cover-Bohemian-Bedclothes-3pcs-Dreams-Come-Ture-Home.jpg,5,
dreamcatcher-bedding-set-feathers-print-duvet-cover-bohemian-bedclothes-3pcs-dreams-come-ture-home-textiles,,,,,,,,,,,,,,,,,,,,,,,,https://ae01.alicdn.com/kf/HTB1.6TRa56guuRkSmLyq6AulFXa5/BeddingOutlet-Dreamcatcher-Bedding-Set-Queen-Feathers-Print-Duvet-Cover-Bohemian-Bedclothes-3pcs-Dreams-Come-Ture-Home.jpg,6,
dreamcatcher-bedding-set-3d-wolf-printed-duvet-cover-wolves-bedclothes-3pcs-feathers-tribal-home-textiles,Dreamcatcher Bedding Set 3D Wolf Printed Duvet Cover Wolves Bedclothes 3pcs Feathers Tribal Home Textiles,"<h3><strong><span>SWEET BEDCOVER FOR YOUR SWEET DREAMS</span></strong></h3>
        <p><span>When anyone enters a bedroom, the first thing they notice is the bed. This is precisely why an aesthetic bed cover with gorgeous design is a must.</span></p>
        <h3><strong><span>A BEDCOVER YOU CAN’T TAKE YOUR EYES OFF</span></strong></h3>
        <p><span>With a remarkable cluster of brilliant colours and fancy artwork, this bed set highlights the impression of your bedroom in an exquisite manner. The impressive arrangement of sundry designs in catchy colors and pattern make it a magnificent view for all.</span></p>
        <h3><strong><span>SUPERIOR FABRIC QUALITY THAT YOU DESERVE</span></strong></h3>
        <p>Our premium quality bed covers are made of microfiber, and that’s what makes them special. Microfiber bed covers offer unmatched softness and durability. What makes this bed cover unique from the rest are its qualities of wrinkle and fade resistance. The 1 quilt cover and 2 matching pillowcases, all are made of 100% pure and premier microfiber for luxurious feel. You’ll never want to leave your bed!</p>
        <br />
        <h3><strong><span>BED SET INCLUDES: 1* DUVET COVER 2* PILLOWCASES</span></strong></h3>",,"duvet cover, bedding sets","duvet cover, bedding sets",TRUE,Size,Twin,,,,,,,,50,deny,manual,78.5,98,,,,https://ae01.alicdn.com/kf/HTB1xmyxiRyWBuNkSmFPq6xguVXah/BeddingOutlet-Dreamcatcher-Bedding-Set-Queen-3D-Wolf-Printed-Duvet-Cover-Wolves-Bedclothes-3pcs-Feathers-Tribal-Home.jpg,1,
dreamcatcher-bedding-set-3d-wolf-printed-duvet-cover-wolves-bedclothes-3pcs-feathers-tribal-home-textiles,,,,,,TRUE,,Full,,,,,,,,50,deny,manual,84.5,105.6,,,,https://ae01.alicdn.com/kf/HTB14n7IfBjTBKNjSZFNq6ysFXXae/BeddingOutlet-Dreamcatcher-Bedding-Set-Queen-3D-Wolf-Printed-Duvet-Cover-Wolves-Bedclothes-3pcs-Feathers-Tribal-Home.jpg,2,
dreamcatcher-bedding-set-3d-wolf-printed-duvet-cover-wolves-bedclothes-3pcs-feathers-tribal-home-textiles,,,,,,TRUE,,Queen,,,,,,,,50,deny,manual,89.5,111.9,,,,https://ae01.alicdn.com/kf/HTB1SMGViIuYBuNkSmRyq6AA3pXaH/BeddingOutlet-Dreamcatcher-Bedding-Set-Queen-3D-Wolf-Printed-Duvet-Cover-Wolves-Bedclothes-3pcs-Feathers-Tribal-Home.jpg,3,
dreamcatcher-bedding-set-3d-wolf-printed-duvet-cover-wolves-bedclothes-3pcs-feathers-tribal-home-textiles,,,,,,TRUE,,King,,,,,,,,50,deny,manual,98.5,123,,,,https://ae01.alicdn.com/kf/HTB1SziFiLiSBuNkSnhJq6zDcpXa9/BeddingOutlet-Dreamcatcher-Bedding-Set-Queen-3D-Wolf-Printed-Duvet-Cover-Wolves-Bedclothes-3pcs-Feathers-Tribal-Home.jpg,4,
dreamcatcher-bedding-set-3d-wolf-printed-duvet-cover-wolves-bedclothes-3pcs-feathers-tribal-home-textiles,,,,,,TRUE,,California King,,,,,,,,50,deny,manual,98.5,123,,,,https://ae01.alicdn.com/kf/HTB1nlkwfr3nBKNjSZFMq6yUSFXal/BeddingOutlet-Dreamcatcher-Bedding-Set-Queen-3D-Wolf-Printed-Duvet-Cover-Wolves-Bedclothes-3pcs-Feathers-Tribal-Home.jpg,5,
dreamcatcher-bedding-set-3d-wolf-printed-duvet-cover-wolves-bedclothes-3pcs-feathers-tribal-home-textiles,,,,,,,,,,,,,,,,,,,,,,,,https://ae01.alicdn.com/kf/HTB1X.YEq3aTBuNjSszfq6xgfpXaR/BeddingOutlet-Dreamcatcher-Bedding-Set-Queen-3D-Wolf-Printed-Duvet-Cover-Wolves-Bedclothes-3pcs-Feathers-Tribal-Home.jpg,6,
mandala-flowers-duvet-cover-colorful-star-and-moon-bedding-set-rainbow-quilt-cover-boho-floral-bed-set-for-adults,Mandala Flowers Duvet Cover Colorful Star and Moon Bedding Set Rainbow Quilt Cover Boho Floral Bed Set for Adults,"<h3><strong>FASHIONABLE BED COVERS<span> FOR ULTIMATE COMFORT AND QUALITY</span></strong></h3>
        <p><span>We all place our comfort at top priority, especially in the bedroom. At the close of a hectic daily routine, all we want is to snuggle in our comfortable bed.  Well, your bed can’t be the ultimate relaxation spot without a comfortable bedcover!</span></p>
        <h3><strong><span>LIE DOWN ON LUXURY DUVET</span></strong></h3>
        <p><span>This bed set is made of the most comfortable and soft fabric: microfiber cloth. With 100% satisfaction guarantee, we deliver our customers the finest quality bed covers that will redefine comfort.</span></p>
        <h3><strong><span>EXPERIENCE PREMIUM QUALITY BED COVERS</span></strong></h3>
        <p><span>Other materials make the bedcover sheets irritable after a time of use, but microfiber bed covers are exceptional. No matter how often you use it, it will feel comfy and new every time. Softness and strength come together in microfiber fabric to produce luxurious comfort and tough durability.</span></p>
        <h3><strong><span>USE AGAIN AND AGAIN</span></strong></h3>
        <p>Microfiber fabric worn-out and the colours, print and textile are guaranteed to work longer and remain intact. So, never lose your comfort with this Bohemian bedcover. With tender washing and line dry, you can use this bedcover with ultimate assurance.</p>
        <br />
        <h3><strong><span>BED SET INCLUDES:  1* DUVET COVER 2* PILLOWCASES</span></strong></h3>",,"duvet cover, bedding sets","duvet cover, bedding sets",TRUE,Size,Twin,,,,,,,,50,deny,manual,78.5,98,,,,https://ae01.alicdn.com/kf/HTB1BgRIuuuSBuNjSsziq6zq8pXau/BeddingOutlet-Mandala-Flowers-Duvet-Cover-Colorful-Star-and-Moon-Bedding-Set-Rainbow-Quilt-Cover-Boho-Floral.jpg,1,
mandala-flowers-duvet-cover-colorful-star-and-moon-bedding-set-rainbow-quilt-cover-boho-floral-bed-set-for-adults,,,,,,TRUE,,Full,,,,,,,,50,deny,manual,84.5,105.6,,,,https://ae01.alicdn.com/kf/HTB1Jnf4l2iSBuNkSnhJq6zDcpXad/BeddingOutlet-Mandala-Flowers-Duvet-Cover-Colorful-Star-and-Moon-Bedding-Set-Rainbow-Quilt-Cover-Boho-Floral.jpg,2,
mandala-flowers-duvet-cover-colorful-star-and-moon-bedding-set-rainbow-quilt-cover-boho-floral-bed-set-for-adults,,,,,,TRUE,,Queen,,,,,,,,50,deny,manual,89.5,111.9,,,,https://ae01.alicdn.com/kf/HTB1ErbluCtYBeNjSspaq6yOOFXac/BeddingOutlet-Mandala-Flowers-Duvet-Cover-Colorful-Star-and-Moon-Bedding-Set-Rainbow-Quilt-Cover-Boho-Floral.jpg,3,
mandala-flowers-duvet-cover-colorful-star-and-moon-bedding-set-rainbow-quilt-cover-boho-floral-bed-set-for-adults,,,,,,TRUE,,King,,,,,,,,50,deny,manual,98.5,123,,,,https://ae01.alicdn.com/kf/HTB1nzqhg26TBKNjSZJiq6zKVFXax/BeddingOutlet-Mandala-Flowers-Duvet-Cover-Colorful-Star-and-Moon-Bedding-Set-Rainbow-Quilt-Cover-Boho-Floral.jpg,4,
mandala-flowers-duvet-cover-colorful-star-and-moon-bedding-set-rainbow-quilt-cover-boho-floral-bed-set-for-adults,,,,,,TRUE,,California King,,,,,,,,50,deny,manual,98.5,123,,,,https://ae01.alicdn.com/kf/HTB1scasuASWBuNjSszdq6zeSpXa2/BeddingOutlet-Mandala-Flowers-Duvet-Cover-Colorful-Star-and-Moon-Bedding-Set-Rainbow-Quilt-Cover-Boho-Floral.jpg,5,
mandala-flowers-duvet-cover-colorful-star-and-moon-bedding-set-rainbow-quilt-cover-boho-floral-bed-set-for-adults,,,,,,,,,,,,,,,,,,,,,,,,https://ae01.alicdn.com/kf/HTB15TFOur5YBuNjSspoq6zeNFXak/BeddingOutlet-Mandala-Flowers-Duvet-Cover-Colorful-Star-and-Moon-Bedding-Set-Rainbow-Quilt-Cover-Boho-Floral.jpg,6,
dreamcatcher-bedding-set-antlers-feathers-printed-duvet-cover-set-floral-home-textiles-sleeping-moon-bedclothes,Dreamcatcher Bedding Set Antlers Feathers Printed Duvet Cover Set Floral Home Textiles Sleeping Moon Bedclothes,"<div>
            <h3><strong><span>UPGRADE YOUR LIFESTYLE WITH TRENDY BEDCOVER</span></strong></h3>
            <p><span>Trends change a lot with the passage of time. That’s why we make sure to bring you the trendiest fashionable bed covers.</span></p>
            <h3><strong><span>SLEEP IN AVANT-GARDE STYLE</span></strong></h3>
            <p><span>This bedding set has the most fascinating catchy look, with colourful artwork that leaves everyone staring in awe. Let your bed cover remind you to <em>laugh, live every moment</em> and <em>love beyond words</em>.</span></p>
            <h3><strong><span>UPDATE YOUR BEDROOM APPEAL</span></strong></h3>
            <p><span>Give your bedroom a supreme trendy look with this bed cover that reflects your stylish and happy-go-lucky lifestyle. Your exclusive tastes can only be satisfied with a unique microfiber bed cover like this one.</span></p>
            <h3><strong><span>MADE WITH 100% PURE AND SUPERIOR FABRIC</span></strong></h3>
            The quality of this bed cover is owed to the use of microfiber material. That’s what makes it not only good-looking, but also comfortable, soft, relaxing, and surprisingly long-lasting. We give 100% guarantee to our customers when it comes to quality and durability. This wrinkle-free and fade-resistant bed cover set is easy to use, easy to care for and easy to wash.
            <div>
                <br />
                <h3><strong><span>BED SET INCLUDES: 1* DUVET COVER 2* PILLOWCASES</span></strong></h3>
            </div>
            </div>",,"duvet cover, bedding sets","duvet cover, bedding sets",TRUE,Size,Twin,,,,,,,,50,deny,manual,78.5,98,,,,https://ae01.alicdn.com/kf/HTB1QcT8XzzuK1RjSsppq6xz0XXaH/BeddingOutlet-Dreamcatcher-Bedding-Set-Antlers-Feathers-Printed-Duvet-Cover-Set-Floral-Home-Textiles-Sleeping-Moon-Bedclothes.jpg,1,
dreamcatcher-bedding-set-antlers-feathers-printed-duvet-cover-set-floral-home-textiles-sleeping-moon-bedclothes,,,,,,TRUE,,Full,,,,,,,,50,deny,manual,84.5,105.6,,,,https://ae01.alicdn.com/kf/HTB1RNv3XEvrK1RjSspcq6zzSXXa7/BeddingOutlet-Dreamcatcher-Bedding-Set-Antlers-Feathers-Printed-Duvet-Cover-Set-Floral-Home-Textiles-Sleeping-Moon-Bedclothes.jpg,2,
dreamcatcher-bedding-set-antlers-feathers-printed-duvet-cover-set-floral-home-textiles-sleeping-moon-bedclothes,,,,,,TRUE,,Queen,,,,,,,,50,deny,manual,89.5,111.9,,,,https://ae01.alicdn.com/kf/HTB12Z25XzvuK1Rjy0Faq6x2aVXaf/BeddingOutlet-Dreamcatcher-Bedding-Set-Antlers-Feathers-Printed-Duvet-Cover-Set-Floral-Home-Textiles-Sleeping-Moon-Bedclothes.jpg,3,
dreamcatcher-bedding-set-antlers-feathers-printed-duvet-cover-set-floral-home-textiles-sleeping-moon-bedclothes,,,,,,TRUE,,King,,,,,,,,50,deny,manual,98.5,123,,,,https://ae01.alicdn.com/kf/HTB1aX_4Xu6sK1RjSsrbq6xbDXXaS/BeddingOutlet-Dreamcatcher-Bedding-Set-Antlers-Feathers-Printed-Duvet-Cover-Set-Floral-Home-Textiles-Sleeping-Moon-Bedclothes.jpg,4,
dreamcatcher-bedding-set-antlers-feathers-printed-duvet-cover-set-floral-home-textiles-sleeping-moon-bedclothes,,,,,,TRUE,,California King,,,,,,,,50,deny,manual,98.5,123,,,,https://ae01.alicdn.com/kf/HTB1pp_4Xu6sK1RjSsrbq6xbDXXaq/BeddingOutlet-Dreamcatcher-Bedding-Set-Antlers-Feathers-Printed-Duvet-Cover-Set-Floral-Home-Textiles-Sleeping-Moon-Bedclothes.jpg,5,
dreamcatcher-bedding-set-antlers-feathers-printed-duvet-cover-set-floral-home-textiles-sleeping-moon-bedclothes,,,,,,,,,,,,,,,,,,,,,,,,https://ae01.alicdn.com/kf/HTB1Nyj4XE_rK1Rjy0Fcq6zEvVXav/BeddingOutlet-Dreamcatcher-Bedding-Set-Antlers-Feathers-Printed-Duvet-Cover-Set-Floral-Home-Textiles-Sleeping-Moon-Bedclothes.jpg,6,
floral-dreamcatcher-bedding-set-hipster-feathers-skull-duvet-cover-bohemian-gothic-bedclothes-multi-colors,Floral Dreamcatcher Bedding Set Hipster Feathers Skull Duvet Cover Bohemian Gothic Bedclothes Multi Colors,"<div>
            <h3><strong>QUALITY BEDCOVER<span> FOR YOUR BEDROOM.</span></strong></h3>
            <p><span>Are you worried about the quality of bedcovers because of your sensitive skin? The solution is here.</span></p>
            <h3><strong><span>THE BEST BED COVER FOR SENSITIVE SKIN.</span></strong></h3>
            <p><span>Our 100% microfiber bed cover is made of the finest material that caresses your skin with the most gentle and soft touch. Microfiber is the best fabric for sensitive skin which is prone to allergies or skin problems.</span></p>
            <h3><strong><span>ELEGANCE AND EXCELLENCE IN ONE BED COVER.</span></strong></h3>
            <p><span>This bedding set is designed to stand out in terms of aesthetics as well as class. Washing such printed bed covers is usually difficult because machines fade the colours and impair the quality. But, with this high-quality bedcover, you don’t need to worry about because its charm and quality will not fade away.</span></p>
            <h3><strong><span>FEELS GOOD AS NEW, EVERY SINGLE TIME.</span></strong></h3>
            <p><span>Microfiber cloth is specially chosen for our bed covers because it is wrinkle- and fade-resistant with 100% guarantee for enduring use. While other bed covers become rough, dull and threadbare over time, the Bohemian bed cover is threaded to perfection and stays that way for years.</span></p>
            But remember not to use bleach, wash it gently, and let it cool tumble and line dry for the long-lasting usage.</div>
        <div></div>
        <div>
            <h3><strong><span>BED SET INCLUDES:  1* DUVET COVER 2* PILLOWCASES</span></strong></h3>
        </div>",,"duvet cover, bedding sets","duvet cover, bedding sets",TRUE,Size,Twin,,,,,,,,50,deny,manual,78.5,98,,,,https://ae01.alicdn.com/kf/HTB1Axbtdv5TBuNjSspcq6znGFXaq/BeddingOutlet-Floral-Dreamcatcher-Bedding-Set-King-Hipster-Feathers-Skull-Duvet-Cover-Bohemian-Gothic-Bedclothes-Multi-Colors.jpg,1,
floral-dreamcatcher-bedding-set-hipster-feathers-skull-duvet-cover-bohemian-gothic-bedclothes-multi-colors,,,,,,TRUE,,Full,,,,,,,,50,deny,manual,84.5,105.6,,,,https://ae01.alicdn.com/kf/HTB1JlpxdTtYBeNjy1Xdq6xXyVXaT/BeddingOutlet-Floral-Dreamcatcher-Bedding-Set-King-Hipster-Feathers-Skull-Duvet-Cover-Bohemian-Gothic-Bedclothes-Multi-Colors.jpg,2,
floral-dreamcatcher-bedding-set-hipster-feathers-skull-duvet-cover-bohemian-gothic-bedclothes-multi-colors,,,,,,TRUE,,Queen,,,,,,,,50,deny,manual,89.5,111.9,,,,https://ae01.alicdn.com/kf/HTB1bX6pdqSWBuNjSsrbq6y0mVXag/BeddingOutlet-Floral-Dreamcatcher-Bedding-Set-King-Hipster-Feathers-Skull-Duvet-Cover-Bohemian-Gothic-Bedclothes-Multi-Colors.jpg,3,
floral-dreamcatcher-bedding-set-hipster-feathers-skull-duvet-cover-bohemian-gothic-bedclothes-multi-colors,,,,,,TRUE,,King,,,,,,,,50,deny,manual,98.5,123,,,,https://ae01.alicdn.com/kf/HTB1wGoYdDlYBeNjSszcq6zwhFXai/BeddingOutlet-Floral-Dreamcatcher-Bedding-Set-King-Hipster-Feathers-Skull-Duvet-Cover-Bohemian-Gothic-Bedclothes-Multi-Colors.jpg,4,
floral-dreamcatcher-bedding-set-hipster-feathers-skull-duvet-cover-bohemian-gothic-bedclothes-multi-colors,,,,,,TRUE,,California King,,,,,,,,50,deny,manual,98.5,123,,,,https://ae01.alicdn.com/kf/HTB1xEPhdwaTBuNjSszfq6xgfpXaf/BeddingOutlet-Floral-Dreamcatcher-Bedding-Set-King-Hipster-Feathers-Skull-Duvet-Cover-Bohemian-Gothic-Bedclothes-Multi-Colors.jpg,5,
floral-dreamcatcher-bedding-set-hipster-feathers-skull-duvet-cover-bohemian-gothic-bedclothes-multi-colors,,,,,,,,,,,,,,,,,,,,,,,,https://ae01.alicdn.com/kf/HTB1sQ2tdv5TBuNjSspcq6znGFXaU/BeddingOutlet-Floral-Dreamcatcher-Bedding-Set-King-Hipster-Feathers-Skull-Duvet-Cover-Bohemian-Gothic-Bedclothes-Multi-Colors.jpg,6,
dreamcatcher-bedding-set-chic-duvet-cover-set-watercolor-boho-floral-bedclothes-bohemian-home-textiles-3pcs,Dreamcatcher Bedding Set Chic Duvet Cover Set Watercolor Boho Floral Bedclothes Bohemian Home Textiles 3pcs,"<h3><strong><span>SWEET BEDCOVER FOR YOUR SWEET DREAMS</span></strong></h3>
        <p><span>When anyone enters a bedroom, the first thing they notice is the bed. This is precisely why an aesthetic bed cover with gorgeous design is a must.</span></p>
        <h3><strong><span>A BEDCOVER YOU CAN’T TAKE YOUR EYES OFF</span></strong></h3>
        <p><span>With a remarkable cluster of brilliant colours and fancy artwork, this bed set highlights the impression of your bedroom in an exquisite manner. The impressive arrangement of sundry designs in catchy colors and pattern make it a magnificent view for all.</span></p>
        <h3><strong><span>SUPERIOR FABRIC QUALITY THAT YOU DESERVE</span></strong></h3>
        <p>Our premium quality bed covers are made of microfiber, and that’s what makes them special. Microfiber bed covers offer unmatched softness and durability. What makes this bed cover unique from the rest are its qualities of wrinkle and fade resistance. The 1 quilt cover and 2 matching pillowcases, all are made of 100% pure and premier microfiber for luxurious feel. You’ll never want to leave your bed!</p>
        <br />
        <h3><strong><span>BED SET INCLUDES: 1* DUVET COVER 2* PILLOWCASES</span></strong></h3>",,"duvet cover, bedding sets","duvet cover, bedding sets",TRUE,Size,Twin,,,,,,,,50,deny,manual,78.5,98,,,,https://ae01.alicdn.com/kf/HTB1M1tDnlmWBuNkSndVq6AsApXaa/BeddingOutlet-Dreamcatcher-Bedding-Set-Queen-Chic-Duvet-Cover-Set-Watercolor-Boho-Floral-Bedclothes-Bohemian-Home-Textiles.jpg,1,
dreamcatcher-bedding-set-chic-duvet-cover-set-watercolor-boho-floral-bedclothes-bohemian-home-textiles-3pcs,,,,,,TRUE,,Full,,,,,,,,50,deny,manual,84.5,105.6,,,,https://ae01.alicdn.com/kf/HTB1i.eBhyMnBKNjSZFoq6zOSFXal/BeddingOutlet-Dreamcatcher-Bedding-Set-Queen-Chic-Duvet-Cover-Set-Watercolor-Boho-Floral-Bedclothes-Bohemian-Home-Textiles.jpg,2,
dreamcatcher-bedding-set-chic-duvet-cover-set-watercolor-boho-floral-bedclothes-bohemian-home-textiles-3pcs,,,,,,TRUE,,Queen,,,,,,,,50,deny,manual,89.5,111.9,,,,https://ae01.alicdn.com/kf/HTB1EVSYvuuSBuNjSsziq6zq8pXay/BeddingOutlet-Dreamcatcher-Bedding-Set-Queen-Chic-Duvet-Cover-Set-Watercolor-Boho-Floral-Bedclothes-Bohemian-Home-Textiles.jpg,3,
dreamcatcher-bedding-set-chic-duvet-cover-set-watercolor-boho-floral-bedclothes-bohemian-home-textiles-3pcs,,,,,,TRUE,,King,,,,,,,,50,deny,manual,98.5,123,,,,https://ae01.alicdn.com/kf/HTB1lF2cvER1BeNjy0Fmq6z0wVXas/BeddingOutlet-Dreamcatcher-Bedding-Set-Queen-Chic-Duvet-Cover-Set-Watercolor-Boho-Floral-Bedclothes-Bohemian-Home-Textiles.jpg,4,
dreamcatcher-bedding-set-chic-duvet-cover-set-watercolor-boho-floral-bedclothes-bohemian-home-textiles-3pcs,,,,,,TRUE,,California King,,,,,,,,50,deny,manual,98.5,123,,,,https://ae01.alicdn.com/kf/HTB1NgPpvrSYBuNjSspfq6AZCpXaa/BeddingOutlet-Dreamcatcher-Bedding-Set-Queen-Chic-Duvet-Cover-Set-Watercolor-Boho-Floral-Bedclothes-Bohemian-Home-Textiles.jpg,5,
dreamcatcher-bedding-set-chic-duvet-cover-set-watercolor-boho-floral-bedclothes-bohemian-home-textiles-3pcs,,,,,,,,,,,,,,,,,,,,,,,,https://ae01.alicdn.com/kf/HTB150bNvv1TBuNjy0Fjq6yjyXXaZ/BeddingOutlet-Dreamcatcher-Bedding-Set-Queen-Chic-Duvet-Cover-Set-Watercolor-Boho-Floral-Bedclothes-Bohemian-Home-Textiles.jpg,6,
wolf-dreamcatcher-bedding-set-native-american-duvet-cover-3d-animal-tribal-bedspreads-lion-tiger-leopard-bed-set,Wolf Dreamcatcher Bedding Set Native American Duvet Cover 3D Animal Tribal Bedspreads Lion Tiger Leopard Bed Set,"<div>
            <h3><strong>QUALITY BEDCOVER<span> FOR YOUR BEDROOM.</span></strong></h3>
            <p><span>Are you worried about the quality of bedcovers because of your sensitive skin? The solution is here.</span></p>
            <h3><strong><span>THE BEST BED COVER FOR SENSITIVE SKIN.</span></strong></h3>
            <p><span>Our 100% microfiber bed cover is made of the finest material that caresses your skin with the most gentle and soft touch. Microfiber is the best fabric for sensitive skin which is prone to allergies or skin problems.</span></p>
            <h3><strong><span>ELEGANCE AND EXCELLENCE IN ONE BED COVER.</span></strong></h3>
            <p><span>This bedding set is designed to stand out in terms of aesthetics as well as class. Washing such printed bed covers is usually difficult because machines fade the colours and impair the quality. But, with this high-quality bedcover, you don’t need to worry about because its charm and quality will not fade away.</span></p>
            <h3><strong><span>FEELS GOOD AS NEW, EVERY SINGLE TIME.</span></strong></h3>
            <p><span>Microfiber cloth is specially chosen for our bed covers because it is wrinkle- and fade-resistant with 100% guarantee for enduring use. While other bed covers become rough, dull and threadbare over time, the Bohemian bed cover is threaded to perfection and stays that way for years.</span></p>
            But remember not to use bleach, wash it gently, and let it cool tumble and line dry for the long-lasting usage.</div>
        <div></div>
        <div>
            <h3><strong><span>BED SET INCLUDES:  1* DUVET COVER 2* PILLOWCASES</span></strong></h3>
        </div>",,"duvet cover, bedding sets","duvet cover, bedding sets",TRUE,Size,Twin,,,,,,,,50,deny,manual,78.5,98,,,,https://ae01.alicdn.com/kf/HTB1OFySmQomBKNjSZFqq6xtqVXaj/BeddingOutlet-Wolf-Dreamcatcher-Bedding-Set-Native-American-Duvet-Cover-3D-Animal-Tribal-Bedspreads-Lion-Tiger-Leopard.jpg,1,
wolf-dreamcatcher-bedding-set-native-american-duvet-cover-3d-animal-tribal-bedspreads-lion-tiger-leopard-bed-set,,,,,,TRUE,,Full,,,,,,,,50,deny,manual,84.5,105.6,,,,https://ae01.alicdn.com/kf/HTB12u_lmOAnBKNjSZFvq6yTKXXaK/BeddingOutlet-Wolf-Dreamcatcher-Bedding-Set-Native-American-Duvet-Cover-3D-Animal-Tribal-Bedspreads-Lion-Tiger-Leopard.jpg,2,
wolf-dreamcatcher-bedding-set-native-american-duvet-cover-3d-animal-tribal-bedspreads-lion-tiger-leopard-bed-set,,,,,,TRUE,,Queen,,,,,,,,50,deny,manual,89.5,111.9,,,,https://ae01.alicdn.com/kf/HTB1ADK9BfuSBuNkHFqDq6xfhVXaO/BeddingOutlet-Wolf-Dreamcatcher-Bedding-Set-Native-American-Duvet-Cover-3D-Animal-Tribal-Bedspreads-Lion-Tiger-Leopard.jpg,3,
wolf-dreamcatcher-bedding-set-native-american-duvet-cover-3d-animal-tribal-bedspreads-lion-tiger-leopard-bed-set,,,,,,TRUE,,King,,,,,,,,50,deny,manual,98.5,123,,,,https://ae01.alicdn.com/kf/HTB1xtcMmpooBKNjSZPhq6A2CXXa5/BeddingOutlet-Wolf-Dreamcatcher-Bedding-Set-Native-American-Duvet-Cover-3D-Animal-Tribal-Bedspreads-Lion-Tiger-Leopard.jpg,4,
wolf-dreamcatcher-bedding-set-native-american-duvet-cover-3d-animal-tribal-bedspreads-lion-tiger-leopard-bed-set,,,,,,TRUE,,California King,,,,,,,,50,deny,manual,98.5,123,,,,https://ae01.alicdn.com/kf/HTB1974NBiCYBuNkSnaVq6AMsVXar/BeddingOutlet-Wolf-Dreamcatcher-Bedding-Set-Native-American-Duvet-Cover-3D-Animal-Tribal-Bedspreads-Lion-Tiger-Leopard.jpg,5,
wolf-dreamcatcher-bedding-set-native-american-duvet-cover-3d-animal-tribal-bedspreads-lion-tiger-leopard-bed-set,,,,,,,,,,,,,,,,,,,,,,,,https://ae01.alicdn.com/kf/HTB1tHpzJqSWBuNjSsrbq6y0mVXa1/BeddingOutlet-Wolf-Dreamcatcher-Bedding-Set-Native-American-Duvet-Cover-3D-Animal-Tribal-Bedspreads-Lion-Tiger-Leopard.jpg,6,
dreamcatcher-bedding-set-double-duvet-cover-boho-colored-feathers-bedclothes-3pcs-mandala-black-home-textiles,Dreamcatcher Bedding Set Double Duvet Cover Boho Colored Feathers Bedclothes 3pcs Mandala Black Home Textiles,"<div>
            <h3><strong><span>UPGRADE YOUR LIFESTYLE WITH TRENDY BEDCOVER</span></strong></h3>
            <p><span>Trends change a lot with the passage of time. That’s why we make sure to bring you the trendiest fashionable bed covers.</span></p>
            <h3><strong><span>SLEEP IN AVANT-GARDE STYLE</span></strong></h3>
            <p><span>This bedding set has the most fascinating catchy look, with colourful artwork that leaves everyone staring in awe. Let your bed cover remind you to <em>laugh, live every moment</em> and <em>love beyond words</em>.</span></p>
            <h3><strong><span>UPDATE YOUR BEDROOM APPEAL</span></strong></h3>
            <p><span>Give your bedroom a supreme trendy look with this bed cover that reflects your stylish and happy-go-lucky lifestyle. Your exclusive tastes can only be satisfied with a unique microfiber bed cover like this one.</span></p>
            <h3><strong><span>MADE WITH 100% PURE AND SUPERIOR FABRIC</span></strong></h3>
            The quality of this bed cover is owed to the use of microfiber material. That’s what makes it not only good-looking, but also comfortable, soft, relaxing, and surprisingly long-lasting. We give 100% guarantee to our customers when it comes to quality and durability. This wrinkle-free and fade-resistant bed cover set is easy to use, easy to care for and easy to wash.
            <div>
                <br />
                <h3><strong><span>BED SET INCLUDES: 1* DUVET COVER 2* PILLOWCASES</span></strong></h3>
            </div>
            </div>",,"duvet cover, bedding sets","duvet cover, bedding sets",TRUE,Size,Twin,,,,,,,,50,deny,manual,78.5,98,,,,https://ae01.alicdn.com/kf/HTB1XsbQdk9WBuNjSspeq6yz5VXaw/BeddingOutlet-Dreamcatcher-Bedding-Set-King-Double-Duvet-Cover-Boho-Colored-Feathers-Bedclothes-3pcs-Mandala-Black-Home.jpg,1,
dreamcatcher-bedding-set-double-duvet-cover-boho-colored-feathers-bedclothes-3pcs-mandala-black-home-textiles,,,,,,TRUE,,Full,,,,,,,,50,deny,manual,84.5,105.6,,,,https://ae01.alicdn.com/kf/HTB1yRkXdamWBuNjy1Xaq6xCbXXad/BeddingOutlet-Dreamcatcher-Bedding-Set-King-Double-Duvet-Cover-Boho-Colored-Feathers-Bedclothes-3pcs-Mandala-Black-Home.jpg,2,
dreamcatcher-bedding-set-double-duvet-cover-boho-colored-feathers-bedclothes-3pcs-mandala-black-home-textiles,,,,,,TRUE,,Queen,,,,,,,,50,deny,manual,89.5,111.9,,,,https://ae01.alicdn.com/kf/HTB15dDFdkKWBuNjy1zjq6AOypXaS/BeddingOutlet-Dreamcatcher-Bedding-Set-King-Double-Duvet-Cover-Boho-Colored-Feathers-Bedclothes-3pcs-Mandala-Black-Home.jpg,3,
dreamcatcher-bedding-set-double-duvet-cover-boho-colored-feathers-bedclothes-3pcs-mandala-black-home-textiles,,,,,,TRUE,,King,,,,,,,,50,deny,manual,98.5,123,,,,https://ae01.alicdn.com/kf/HTB1rIYSdaSWBuNjSsrbq6y0mVXa3/BeddingOutlet-Dreamcatcher-Bedding-Set-King-Double-Duvet-Cover-Boho-Colored-Feathers-Bedclothes-3pcs-Mandala-Black-Home.jpg,4,
dreamcatcher-bedding-set-double-duvet-cover-boho-colored-feathers-bedclothes-3pcs-mandala-black-home-textiles,,,,,,TRUE,,California King,,,,,,,,50,deny,manual,98.5,123,,,,https://ae01.alicdn.com/kf/HTB1CvT8dhWYBuNjy1zkq6xGGpXaC/BeddingOutlet-Dreamcatcher-Bedding-Set-King-Double-Duvet-Cover-Boho-Colored-Feathers-Bedclothes-3pcs-Mandala-Black-Home.jpg,5,
dreamcatcher-bedding-set-double-duvet-cover-boho-colored-feathers-bedclothes-3pcs-mandala-black-home-textiles,,,,,,,,,,,,,,,,,,,,,,,,https://ae01.alicdn.com/kf/HTB1PdcXdkCWBuNjy0Faq6xUlXXax/BeddingOutlet-Dreamcatcher-Bedding-Set-King-Double-Duvet-Cover-Boho-Colored-Feathers-Bedclothes-3pcs-Mandala-Black-Home.jpg,6,
bull-head-skull-bedding-set-watercolor-galaxy-duvet-cover-set-dreamcatcher-bedclothes-boho-home-textiles-3pcs,Bull Head Skull Bedding Set Watercolor Galaxy Duvet Cover Set Dreamcatcher Bedclothes Boho Home Textiles 3pcs,"<div>
            <h3><strong>QUALITY BEDCOVER<span> FOR YOUR BEDROOM.</span></strong></h3>
            <p><span>Are you worried about the quality of bedcovers because of your sensitive skin? The solution is here.</span></p>
            <h3><strong><span>THE BEST BED COVER FOR SENSITIVE SKIN.</span></strong></h3>
            <p><span>Our 100% microfiber bed cover is made of the finest material that caresses your skin with the most gentle and soft touch. Microfiber is the best fabric for sensitive skin which is prone to allergies or skin problems.</span></p>
            <h3><strong><span>ELEGANCE AND EXCELLENCE IN ONE BED COVER.</span></strong></h3>
            <p><span>This bedding set is designed to stand out in terms of aesthetics as well as class. Washing such printed bed covers is usually difficult because machines fade the colours and impair the quality. But, with this high-quality bedcover, you don’t need to worry about because its charm and quality will not fade away.</span></p>
            <h3><strong><span>FEELS GOOD AS NEW, EVERY SINGLE TIME.</span></strong></h3>
            <p><span>Microfiber cloth is specially chosen for our bed covers because it is wrinkle- and fade-resistant with 100% guarantee for enduring use. While other bed covers become rough, dull and threadbare over time, the Bohemian bed cover is threaded to perfection and stays that way for years.</span></p>
            But remember not to use bleach, wash it gently, and let it cool tumble and line dry for the long-lasting usage.</div>
        <div></div>
        <div>
            <h3><strong><span>BED SET INCLUDES:  1* DUVET COVER 2* PILLOWCASES</span></strong></h3>
        </div>",,"duvet cover, bedding sets","duvet cover, bedding sets",TRUE,Size,Twin,,,,,,,,50,deny,manual,78.5,98,,,,https://ae01.alicdn.com/kf/HTB1bJPhA5OYBuNjSsD4q6zSkFXay/BeddingOutlet-Bull-Head-Skull-Bedding-Set-Watercolor-Galaxy-Duvet-Cover-Set-Dreamcatcher-Bedclothes-Boho-Blue-Home.jpg,1,
bull-head-skull-bedding-set-watercolor-galaxy-duvet-cover-set-dreamcatcher-bedclothes-boho-home-textiles-3pcs,,,,,,TRUE,,Full,,,,,,,,50,deny,manual,84.5,105.6,,,,https://ae01.alicdn.com/kf/HTB1Zce5JhSYBuNjSsphq6zGvVXaE/BeddingOutlet-Bull-Head-Skull-Bedding-Set-Watercolor-Galaxy-Duvet-Cover-Set-Dreamcatcher-Bedclothes-Boho-Blue-Home.jpg,2,
bull-head-skull-bedding-set-watercolor-galaxy-duvet-cover-set-dreamcatcher-bedclothes-boho-home-textiles-3pcs,,,,,,TRUE,,Queen,,,,,,,,50,deny,manual,89.5,111.9,,,,https://ae01.alicdn.com/kf/HTB13BnOJkyWBuNjy0Fpq6yssXXaN/BeddingOutlet-Bull-Head-Skull-Bedding-Set-Watercolor-Galaxy-Duvet-Cover-Set-Dreamcatcher-Bedclothes-Boho-Blue-Home.jpg,3,
bull-head-skull-bedding-set-watercolor-galaxy-duvet-cover-set-dreamcatcher-bedclothes-boho-home-textiles-3pcs,,,,,,TRUE,,King,,,,,,,,50,deny,manual,98.5,123,,,,https://ae01.alicdn.com/kf/HTB1LJxFcjfguuRjSszcq6zb7FXae/BeddingOutlet-Bull-Head-Skull-Bedding-Set-Watercolor-Galaxy-Duvet-Cover-Set-Dreamcatcher-Bedclothes-Boho-Blue-Home.jpg,4,
bull-head-skull-bedding-set-watercolor-galaxy-duvet-cover-set-dreamcatcher-bedclothes-boho-home-textiles-3pcs,,,,,,TRUE,,California King,,,,,,,,50,deny,manual,98.5,123,,,,https://ae01.alicdn.com/kf/HTB1.yotJhSYBuNjSspjq6x73VXao/BeddingOutlet-Bull-Head-Skull-Bedding-Set-Watercolor-Galaxy-Duvet-Cover-Set-Dreamcatcher-Bedclothes-Boho-Blue-Home.jpg,5,
bull-head-skull-bedding-set-watercolor-galaxy-duvet-cover-set-dreamcatcher-bedclothes-boho-home-textiles-3pcs,,,,,,,,,,,,,,,,,,,,,,,,https://ae01.alicdn.com/kf/HTB1UbkEJkCWBuNjy0Faq6xUlXXaO/BeddingOutlet-Bull-Head-Skull-Bedding-Set-Watercolor-Galaxy-Duvet-Cover-Set-Dreamcatcher-Bedclothes-Boho-Blue-Home.jpg,6,
