Image Src,Variant Compare At Price,Option2 Name,Option1 Name,Published,Variant SKU,Variant Inventory Tracker,Variant Taxable,Type,Image Alt Text,Handle,title,Variant Grams,Variant Requires Shipping,Tags,Image Position,Body (HTML),Option3 Name,Vendor,Variant Barcode,Variant Inventory Qty,Variant Inventory Policy,Option3 Value,Variant Price,Option2 Value,Option1 Value,Variant Fulfillment Service
https://cdn.shopify.com/s/files/1/1326/0975/products/8_af36e2fb-e0b6-405b-a2f6-59a0ab0cfcd5.jpg?v=1523414622,108,,Size,TRUE,,,,Fortnite Duvet Cover Set,3D Customize Fortnite Bedding Set Duvet Cover Set Bedroom Set Bedlinen,3d-customize-fortnite-bedding-set-duvet-cover-set-bedroom-set-bedlinen6,3D Customize Fortnite Bedding Set Duvet Cover Set Bedroom Set Bedlinen,,,"bed-covers,bedding,bedding-set,bedroom-sets,duvet,duvet-cover,duvet-cover-set,duvet-sets,flat-sheet,fortnite,pillowcases,quilt-covers",1,"<h3><strong>FASHIONABLE BED COVERS<span> FOR ULTIMATE COMFORT AND QUALITY</span></strong></h3>
            <p><span>We all place our comfort at top priority, especially in the bedroom. At the close of a hectic daily routine, all we want is to snuggle in our comfortable bed.  Well, your bed can’t be the ultimate relaxation spot without a comfortable bedcover!</span></p>
            <h3><strong><span>LIE DOWN ON LUXURY DUVET</span></strong></h3>
            <p><span>This bed set is made of the most comfortable and soft fabric: microfiber cloth. With 100% satisfaction guarantee, we deliver our customers the finest quality bed covers that will redefine comfort.</span></p>
            <h3><strong><span>EXPERIENCE PREMIUM QUALITY BED COVERS</span></strong></h3>
            <p><span>Other materials make the bedcover sheets irritable after a time of use, but microfiber bed covers are exceptional. No matter how often you use it, it will feel comfy and new every time. Softness and strength come together in microfiber fabric to produce luxurious comfort and tough durability.</span></p>
            <h3><strong><span>USE AGAIN AND AGAIN</span></strong></h3>
            <p>Microfiber fabric worn-out and the colours, print and textile are guaranteed to work longer and remain intact. So, never lose your comfort with this Bohemian bedcover. With tender washing and line dry, you can use this bedcover with ultimate assurance.</p>
            <br />
            <h3><strong><span>BED SET INCLUDES:  1* DUVET COVER 2* PILLOWCASES</span></strong></h3>",,,,30,deny,,89.5,,Twin,manual
https://cdn.shopify.com/s/files/1/1326/0975/products/stitch_2137a39b-356c-40bb-b8b7-0cae87372336.JPG?v=1523414622,178,,,,,,,,"3D Customize Fortnite Bedding Set Duvet Cover Set Bedroom Set Bedlinenbed-covers,bedding,bedding-set,bedroom-sets,duvet,duvet-cover,duvet-cover-set,duvet-sets,flat-sheet,fortnite,pillowcases,quilt-covers",3d-customize-fortnite-bedding-set-duvet-cover-set-bedroom-set-bedlinen6,,,,,2,,,,,50,deny,,89,,Full,manual
https://cdn.shopify.com/s/files/1/1326/0975/products/pillowcases_1a2ff808-8b6a-4354-8380-f3351b9271d1.JPG?v=1523414622,178,,,,,,,,"3D Customize Fortnite Bedding Set Duvet Cover Set Bedroom Set Bedlinenbed-covers,bedding,bedding-set,bedroom-sets,duvet,duvet-cover,duvet-cover-set,duvet-sets,flat-sheet,fortnite,pillowcases,quilt-covers",3d-customize-fortnite-bedding-set-duvet-cover-set-bedroom-set-bedlinen6,,,,,3,,,,,50,deny,,89,,Queen,manual
https://cdn.shopify.com/s/files/1/1326/0975/products/zipper_9eee03fc-dd50-41ca-863c-7c5ecce3ad09.JPG?v=1523414622,178,,,,,,,,"3D Customize Fortnite Bedding Set Duvet Cover Set Bedroom Set Bedlinenbed-covers,bedding,bedding-set,bedroom-sets,duvet,duvet-cover,duvet-cover-set,duvet-sets,flat-sheet,fortnite,pillowcases,quilt-covers",3d-customize-fortnite-bedding-set-duvet-cover-set-bedroom-set-bedlinen6,,,,,4,,,,,50,deny,,89,,King,manual
,129,,,,,,,,,3d-customize-fortnite-bedding-set-duvet-cover-set-bedroom-set-bedlinen6,,,,,,,,,,50,deny,,108.5,,California King,manual
https://cdn.shopify.com/s/files/1/1326/0975/products/20_3bc288f4-b198-4684-8809-95e7b29ef708.jpg?v=1511577724,108,,Size,TRUE,,,,Fortnite Duvet Cover Set,3D Customize Fortnite Bedding Set Duvet Cover Set Bedroom Set Bedlinen,3d-customize-fortnite-bedding-set-duvet-cover-set-bedroom-set-bedlinen6,3D Customize Fortnite Bedding Set Duvet Cover Set Bedroom Set Bedlinen,,,"bed-covers,bedding,bedding-set,bedroom-sets,duvet,duvet-cover,duvet-cover-set,duvet-sets,flat-sheet,fortnite,pillowcases,quilt-covers",1,"<h3><strong><span>SWEET BEDCOVER FOR YOUR SWEET DREAMS</span></strong></h3>
            <p><span>When anyone enters a bedroom, the first thing they notice is the bed. This is precisely why an aesthetic bed cover with gorgeous design is a must.</span></p>
            <h3><strong><span>A BEDCOVER YOU CAN’T TAKE YOUR EYES OFF</span></strong></h3>
            <p><span>With a remarkable cluster of brilliant colours and fancy artwork, this bed set highlights the impression of your bedroom in an exquisite manner. The impressive arrangement of sundry designs in catchy colors and pattern make it a magnificent view for all.</span></p>
            <h3><strong><span>SUPERIOR FABRIC QUALITY THAT YOU DESERVE</span></strong></h3>
            <p>Our premium quality bed covers are made of microfiber, and that’s what makes them special. Microfiber bed covers offer unmatched softness and durability. What makes this bed cover unique from the rest are its qualities of wrinkle and fade resistance. The 1 quilt cover and 2 matching pillowcases, all are made of 100% pure and premier microfiber for luxurious feel. You’ll never want to leave your bed!</p>
            <br />
            <h3><strong><span>BED SET INCLUDES: 1* DUVET COVER 2* PILLOWCASES</span></strong></h3>",,,,30,deny,,89.5,,Twin,manual
https://cdn.shopify.com/s/files/1/1326/0975/products/stitch_4dd7b22a-196f-41df-8e88-2bc58756e8ce.JPG?v=1511577724,178,,,,,,,,"3D Customize Fortnite Bedding Set Duvet Cover Set Bedroom Set Bedlinenbed-covers,bedding,bedding-set,bedroom-sets,duvet,duvet-cover,duvet-cover-set,duvet-sets,flat-sheet,fortnite,pillowcases,quilt-covers",3d-customize-fortnite-bedding-set-duvet-cover-set-bedroom-set-bedlinen6,,,,,2,,,,,50,deny,,89,,Full,manual
https://cdn.shopify.com/s/files/1/1326/0975/products/pillowcases_b5b250da-cb77-4369-879a-38499f6ee5ca.JPG?v=1511577724,178,,,,,,,,"3D Customize Fortnite Bedding Set Duvet Cover Set Bedroom Set Bedlinenbed-covers,bedding,bedding-set,bedroom-sets,duvet,duvet-cover,duvet-cover-set,duvet-sets,flat-sheet,fortnite,pillowcases,quilt-covers",3d-customize-fortnite-bedding-set-duvet-cover-set-bedroom-set-bedlinen6,,,,,3,,,,,50,deny,,89,,Queen,manual
https://cdn.shopify.com/s/files/1/1326/0975/products/zipper_92dee10f-46a4-463a-a39a-36a0c5c175ad.JPG?v=1511577724,178,,,,,,,,"3D Customize Fortnite Bedding Set Duvet Cover Set Bedroom Set Bedlinenbed-covers,bedding,bedding-set,bedroom-sets,duvet,duvet-cover,duvet-cover-set,duvet-sets,flat-sheet,fortnite,pillowcases,quilt-covers",3d-customize-fortnite-bedding-set-duvet-cover-set-bedroom-set-bedlinen6,,,,,4,,,,,50,deny,,89,,King,manual
,129,,,,,,,,,3d-customize-fortnite-bedding-set-duvet-cover-set-bedroom-set-bedlinen6,,,,,,,,,,50,deny,,108.5,,California King,manual
https://cdn.shopify.com/s/files/1/1326/0975/products/TL091116021.jpg?v=1492316921,108,,Size,TRUE,,,,Pink Floyd Duvet Cover Set,Custom 3D Pink Floyd Bedding Set Duvet Cover Set 3PCS Flat Sheet Pillowcases,custom-3d-pink-floyd-bedding-set-duvet-cover-set-3pcs-flat-sheet-pillowcases6,Custom 3D Pink Floyd Bedding Set Duvet Cover Set 3PCS Flat Sheet Pillowcases,,,"bed-covers,bedding,bedding-set,bedroom-sets,duvet,duvet-cover,duvet-cover-set,duvet-sets,flat-sheet,pink-floyd,quilt-covers",1,"<div>
            <h3><strong><span>UPGRADE YOUR LIFESTYLE WITH TRENDY BEDCOVER</span></strong></h3>
            <p><span>Trends change a lot with the passage of time. That’s why we make sure to bring you the trendiest fashionable bed covers.</span></p>
            <h3><strong><span>SLEEP IN AVANT-GARDE STYLE</span></strong></h3>
            <p><span>This bedding set has the most fascinating catchy look, with colourful artwork that leaves everyone staring in awe. Let your bed cover remind you to <em>laugh, live every moment</em> and <em>love beyond words</em>.</span></p>
            <h3><strong><span>UPDATE YOUR BEDROOM APPEAL</span></strong></h3>
            <p><span>Give your bedroom a supreme trendy look with this bed cover that reflects your stylish and happy-go-lucky lifestyle. Your exclusive tastes can only be satisfied with a unique microfiber bed cover like this one.</span></p>
            <h3><strong><span>MADE WITH 100% PURE AND SUPERIOR FABRIC</span></strong></h3>
            The quality of this bed cover is owed to the use of microfiber material. That’s what makes it not only good-looking, but also comfortable, soft, relaxing, and surprisingly long-lasting. We give 100% guarantee to our customers when it comes to quality and durability. This wrinkle-free and fade-resistant bed cover set is easy to use, easy to care for and easy to wash.
            <div>
                <br />
                <h3><strong><span>BED SET INCLUDES: 1* DUVET COVER 2* PILLOWCASES</span></strong></h3>
            </div>
            </div>",,,,30,deny,,89.5,,Twin,manual
https://cdn.shopify.com/s/files/1/1326/0975/products/stitch_745a5fe2-98a6-4f31-bee6-0bfc0cb90804.JPG?v=1492316922,178,,,,,,,,"Custom 3D Pink Floyd Bedding Set Duvet Cover Set 3PCS Flat Sheet Pillowcasesbed-covers,bedding,bedding-set,bedroom-sets,duvet,duvet-cover,duvet-cover-set,duvet-sets,flat-sheet,pink-floyd,quilt-covers",custom-3d-pink-floyd-bedding-set-duvet-cover-set-3pcs-flat-sheet-pillowcases6,,,,,2,,,,,50,deny,,89,,Full,manual
https://cdn.shopify.com/s/files/1/1326/0975/products/pillowcases_9de8a09f-c17d-4da6-bcd5-9a85b8e864b9.JPG?v=1492316924,178,,,,,,,,"Custom 3D Pink Floyd Bedding Set Duvet Cover Set 3PCS Flat Sheet Pillowcasesbed-covers,bedding,bedding-set,bedroom-sets,duvet,duvet-cover,duvet-cover-set,duvet-sets,flat-sheet,pink-floyd,quilt-covers",custom-3d-pink-floyd-bedding-set-duvet-cover-set-3pcs-flat-sheet-pillowcases6,,,,,3,,,,,50,deny,,89,,Queen,manual
https://cdn.shopify.com/s/files/1/1326/0975/products/zipper_e0c17e85-5c27-413c-a3bb-95f01a2999f8.JPG?v=1492316924,178,,,,,,,,"Custom 3D Pink Floyd Bedding Set Duvet Cover Set 3PCS Flat Sheet Pillowcasesbed-covers,bedding,bedding-set,bedroom-sets,duvet,duvet-cover,duvet-cover-set,duvet-sets,flat-sheet,pink-floyd,quilt-covers",custom-3d-pink-floyd-bedding-set-duvet-cover-set-3pcs-flat-sheet-pillowcases6,,,,,4,,,,,50,deny,,89,,King,manual
,129,,,,,,,,,custom-3d-pink-floyd-bedding-set-duvet-cover-set-3pcs-flat-sheet-pillowcases6,,,,,,,,,,50,deny,,108.5,,California King,manual
https://cdn.shopify.com/s/files/1/1326/0975/products/TL091116039.jpg?v=1492316865,108,,Size,TRUE,,,,Golden State Warriors Duvet Cover Set,3PCS Custom 3D Golden State Warriors Duvet Cover Set Bedding Set Flat Sheet Pillowcases,3pcs-custom-3d-golden-state-warriors-duvet-cover-set-bedding-set-flat-sheet-pillowcases0,3PCS Custom 3D Golden State Warriors Duvet Cover Set Bedding Set Flat Sheet Pillowcases,,,"bed-covers,bedding,bedding-set,bedroom-sets,duvet,duvet-cover,duvet-cover-set,duvet-sets,flat-sheet,golden-state-warriors,quilt-covers",1,"<div>
                <h3><strong>QUALITY BEDCOVER<span> FOR YOUR BEDROOM.</span></strong></h3>
                <p><span>Are you worried about the quality of bedcovers because of your sensitive skin? The solution is here.</span></p>
                <h3><strong><span>THE BEST BED COVER FOR SENSITIVE SKIN.</span></strong></h3>
                <p><span>Our 100% microfiber bed cover is made of the finest material that caresses your skin with the most gentle and soft touch. Microfiber is the best fabric for sensitive skin which is prone to allergies or skin problems.</span></p>
                <h3><strong><span>ELEGANCE AND EXCELLENCE IN ONE BED COVER.</span></strong></h3>
                <p><span>This bedding set is designed to stand out in terms of aesthetics as well as class. Washing such printed bed covers is usually difficult because machines fade the colours and impair the quality. But, with this high-quality bedcover, you don’t need to worry about because its charm and quality will not fade away.</span></p>
                <h3><strong><span>FEELS GOOD AS NEW, EVERY SINGLE TIME.</span></strong></h3>
                <p><span>Microfiber cloth is specially chosen for our bed covers because it is wrinkle- and fade-resistant with 100% guarantee for enduring use. While other bed covers become rough, dull and threadbare over time, the Bohemian bed cover is threaded to perfection and stays that way for years.</span></p>
                But remember not to use bleach, wash it gently, and let it cool tumble and line dry for the long-lasting usage.</div>
            <div></div>
            <div>
                <h3><strong><span>BED SET INCLUDES:  1* DUVET COVER 2* PILLOWCASES</span></strong></h3>
            </div>",,,,30,deny,,89.5,,Twin,manual
https://cdn.shopify.com/s/files/1/1326/0975/products/stitch_bbc464a8-9643-4d4a-9036-46a8733d25cc.JPG?v=1492316866,178,,,,,,,,"3PCS Custom 3D Golden State Warriors Duvet Cover Set Bedding Set Flat Sheet Pillowcasesbed-covers,bedding,bedding-set,bedroom-sets,duvet,duvet-cover,duvet-cover-set,duvet-sets,flat-sheet,golden-state-warriors,quilt-covers",3pcs-custom-3d-golden-state-warriors-duvet-cover-set-bedding-set-flat-sheet-pillowcases0,,,,,2,,,,,50,deny,,89,,Full,manual
https://cdn.shopify.com/s/files/1/1326/0975/products/pillowcases_312937f6-80fc-4941-8444-1dfaed114e16.JPG?v=1492316867,178,,,,,,,,"3PCS Custom 3D Golden State Warriors Duvet Cover Set Bedding Set Flat Sheet Pillowcasesbed-covers,bedding,bedding-set,bedroom-sets,duvet,duvet-cover,duvet-cover-set,duvet-sets,flat-sheet,golden-state-warriors,quilt-covers",3pcs-custom-3d-golden-state-warriors-duvet-cover-set-bedding-set-flat-sheet-pillowcases0,,,,,3,,,,,50,deny,,89,,Queen,manual
https://cdn.shopify.com/s/files/1/1326/0975/products/zipper_3b5d24c3-635a-491a-a098-ac54bb33b3b5.JPG?v=1492316868,178,,,,,,,,"3PCS Custom 3D Golden State Warriors Duvet Cover Set Bedding Set Flat Sheet Pillowcasesbed-covers,bedding,bedding-set,bedroom-sets,duvet,duvet-cover,duvet-cover-set,duvet-sets,flat-sheet,golden-state-warriors,quilt-covers",3pcs-custom-3d-golden-state-warriors-duvet-cover-set-bedding-set-flat-sheet-pillowcases0,,,,,4,,,,,50,deny,,89,,King,manual
,129,,,,,,,,,3pcs-custom-3d-golden-state-warriors-duvet-cover-set-bedding-set-flat-sheet-pillowcases0,,,,,,,,,,50,deny,,108.5,,California King,manual
https://cdn.shopify.com/s/files/1/1326/0975/products/TL05041702.jpg?v=1492316596,108,,Size,TRUE,,,,Stephen Curry Duvet Cover Set,3D Customize Stephen Curry Bedding Set Duvet Cover Set Bedroom Set Bedlinen,3d-customize-stephen-curry-bedding-set-duvet-cover-set-bedroom-set-bedlinen8,3D Customize Stephen Curry Bedding Set Duvet Cover Set Bedroom Set Bedlinen,,,"bed-covers,bedding,bedding-set,bedroom-sets,duvet,duvet-cover,duvet-cover-set,duvet-sets,flat-sheet,pillowcases,quilt-covers,stephen-curry",1,"<h3><strong>FASHIONABLE BED COVERS<span> FOR ULTIMATE COMFORT AND QUALITY</span></strong></h3>
            <p><span>We all place our comfort at top priority, especially in the bedroom. At the close of a hectic daily routine, all we want is to snuggle in our comfortable bed.  Well, your bed can’t be the ultimate relaxation spot without a comfortable bedcover!</span></p>
            <h3><strong><span>LIE DOWN ON LUXURY DUVET</span></strong></h3>
            <p><span>This bed set is made of the most comfortable and soft fabric: microfiber cloth. With 100% satisfaction guarantee, we deliver our customers the finest quality bed covers that will redefine comfort.</span></p>
            <h3><strong><span>EXPERIENCE PREMIUM QUALITY BED COVERS</span></strong></h3>
            <p><span>Other materials make the bedcover sheets irritable after a time of use, but microfiber bed covers are exceptional. No matter how often you use it, it will feel comfy and new every time. Softness and strength come together in microfiber fabric to produce luxurious comfort and tough durability.</span></p>
            <h3><strong><span>USE AGAIN AND AGAIN</span></strong></h3>
            <p>Microfiber fabric worn-out and the colours, print and textile are guaranteed to work longer and remain intact. So, never lose your comfort with this Bohemian bedcover. With tender washing and line dry, you can use this bedcover with ultimate assurance.</p>
            <br />
            <h3><strong><span>BED SET INCLUDES:  1* DUVET COVER 2* PILLOWCASES</span></strong></h3>",,,,30,deny,,89.5,,Twin,manual
https://cdn.shopify.com/s/files/1/1326/0975/products/stitch_8c8112c4-2c9a-4b94-9400-d97b17705a47.JPG?v=1492316597,178,,,,,,,,"3D Customize Stephen Curry Bedding Set Duvet Cover Set Bedroom Set Bedlinenbed-covers,bedding,bedding-set,bedroom-sets,duvet,duvet-cover,duvet-cover-set,duvet-sets,flat-sheet,pillowcases,quilt-covers,stephen-curry",3d-customize-stephen-curry-bedding-set-duvet-cover-set-bedroom-set-bedlinen8,,,,,2,,,,,50,deny,,89,,Full,manual
https://cdn.shopify.com/s/files/1/1326/0975/products/pillowcases_3ac85532-db6a-4629-8f35-020385974476.JPG?v=1492316598,178,,,,,,,,"3D Customize Stephen Curry Bedding Set Duvet Cover Set Bedroom Set Bedlinenbed-covers,bedding,bedding-set,bedroom-sets,duvet,duvet-cover,duvet-cover-set,duvet-sets,flat-sheet,pillowcases,quilt-covers,stephen-curry",3d-customize-stephen-curry-bedding-set-duvet-cover-set-bedroom-set-bedlinen8,,,,,3,,,,,50,deny,,89,,Queen,manual
https://cdn.shopify.com/s/files/1/1326/0975/products/zipper_7e0dc92d-177a-4b5b-babb-312cdb0ed3c2.JPG?v=1492316600,178,,,,,,,,"3D Customize Stephen Curry Bedding Set Duvet Cover Set Bedroom Set Bedlinenbed-covers,bedding,bedding-set,bedroom-sets,duvet,duvet-cover,duvet-cover-set,duvet-sets,flat-sheet,pillowcases,quilt-covers,stephen-curry",3d-customize-stephen-curry-bedding-set-duvet-cover-set-bedroom-set-bedlinen8,,,,,4,,,,,50,deny,,89,,King,manual
,129,,,,,,,,,3d-customize-stephen-curry-bedding-set-duvet-cover-set-bedroom-set-bedlinen8,,,,,,,,,,50,deny,,108.5,,California King,manual
https://cdn.shopify.com/s/files/1/1326/0975/products/TL091116032.jpg?v=1492316901,108,,Size,TRUE,,,,Call Of Duty Black Ops Duvet Cover Set,Custom 3D Call Of Duty Black Ops 3PCS Duvet Cover Set Bedding Set Pillowcases,custom-3d-call-of-duty-black-ops-3pcs-duvet-cover-set-bedding-set-pillowcases4,Custom 3D Call Of Duty Black Ops 3PCS Duvet Cover Set Bedding Set Pillowcases,,,"bed-covers,bedding,bedding-set,bedroom-sets,call-of-duty-black-ops,duvet,duvet-cover,duvet-cover-set,duvet-sets,flat-sheet,quilt-covers",1,"<div>
                <h3><strong>QUALITY BEDCOVER<span> FOR YOUR BEDROOM.</span></strong></h3>
                <p><span>Are you worried about the quality of bedcovers because of your sensitive skin? The solution is here.</span></p>
                <h3><strong><span>THE BEST BED COVER FOR SENSITIVE SKIN.</span></strong></h3>
                <p><span>Our 100% microfiber bed cover is made of the finest material that caresses your skin with the most gentle and soft touch. Microfiber is the best fabric for sensitive skin which is prone to allergies or skin problems.</span></p>
                <h3><strong><span>ELEGANCE AND EXCELLENCE IN ONE BED COVER.</span></strong></h3>
                <p><span>This bedding set is designed to stand out in terms of aesthetics as well as class. Washing such printed bed covers is usually difficult because machines fade the colours and impair the quality. But, with this high-quality bedcover, you don’t need to worry about because its charm and quality will not fade away.</span></p>
                <h3><strong><span>FEELS GOOD AS NEW, EVERY SINGLE TIME.</span></strong></h3>
                <p><span>Microfiber cloth is specially chosen for our bed covers because it is wrinkle- and fade-resistant with 100% guarantee for enduring use. While other bed covers become rough, dull and threadbare over time, the Bohemian bed cover is threaded to perfection and stays that way for years.</span></p>
                But remember not to use bleach, wash it gently, and let it cool tumble and line dry for the long-lasting usage.</div>
            <div></div>
            <div>
                <h3><strong><span>BED SET INCLUDES:  1* DUVET COVER 2* PILLOWCASES</span></strong></h3>
            </div>",,,,30,deny,,89.5,,Twin,manual
https://cdn.shopify.com/s/files/1/1326/0975/products/stitch_834443b4-17f6-4937-9d48-86d5b83b52bd.JPG?v=1492316902,178,,,,,,,,"Custom 3D Call Of Duty Black Ops 3PCS Duvet Cover Set Bedding Set Pillowcasesbed-covers,bedding,bedding-set,bedroom-sets,call-of-duty-black-ops,duvet,duvet-cover,duvet-cover-set,duvet-sets,flat-sheet,quilt-covers",custom-3d-call-of-duty-black-ops-3pcs-duvet-cover-set-bedding-set-pillowcases4,,,,,2,,,,,50,deny,,89,,Full,manual
https://cdn.shopify.com/s/files/1/1326/0975/products/pillowcases_9f5a93ad-4ce6-410b-b7d0-28a58b02670f.JPG?v=1492316903,178,,,,,,,,"Custom 3D Call Of Duty Black Ops 3PCS Duvet Cover Set Bedding Set Pillowcasesbed-covers,bedding,bedding-set,bedroom-sets,call-of-duty-black-ops,duvet,duvet-cover,duvet-cover-set,duvet-sets,flat-sheet,quilt-covers",custom-3d-call-of-duty-black-ops-3pcs-duvet-cover-set-bedding-set-pillowcases4,,,,,3,,,,,50,deny,,89,,Queen,manual
https://cdn.shopify.com/s/files/1/1326/0975/products/zipper_65d6d8da-0d92-45c0-9d38-50a44a450888.JPG?v=1492316905,178,,,,,,,,"Custom 3D Call Of Duty Black Ops 3PCS Duvet Cover Set Bedding Set Pillowcasesbed-covers,bedding,bedding-set,bedroom-sets,call-of-duty-black-ops,duvet,duvet-cover,duvet-cover-set,duvet-sets,flat-sheet,quilt-covers",custom-3d-call-of-duty-black-ops-3pcs-duvet-cover-set-bedding-set-pillowcases4,,,,,4,,,,,50,deny,,89,,King,manual
,129,,,,,,,,,custom-3d-call-of-duty-black-ops-3pcs-duvet-cover-set-bedding-set-pillowcases4,,,,,,,,,,50,deny,,108.5,,California King,manual
https://cdn.shopify.com/s/files/1/1326/0975/products/5_a78b39ad-c779-4e80-b44e-8017a7b233ad.jpg?v=1509417374,108,,Size,TRUE,,,,Taylor Swift Duvet Cover Set,3D Customize Taylor Swift Bedding Set Duvet Cover Set Bedroom Set Bedlinen,3d-customize-taylor-swift-bedding-set-duvet-cover-set-bedroom-set-bedlinen6,3D Customize Taylor Swift Bedding Set Duvet Cover Set Bedroom Set Bedlinen,,,"bed-covers,bedding,bedding-set,bedroom-sets,duvet,duvet-cover,duvet-cover-set,duvet-sets,flat-sheet,pillowcases,quilt-covers,taylor-swift",1,"<div>
                <h3><strong>QUALITY BEDCOVER<span> FOR YOUR BEDROOM.</span></strong></h3>
                <p><span>Are you worried about the quality of bedcovers because of your sensitive skin? The solution is here.</span></p>
                <h3><strong><span>THE BEST BED COVER FOR SENSITIVE SKIN.</span></strong></h3>
                <p><span>Our 100% microfiber bed cover is made of the finest material that caresses your skin with the most gentle and soft touch. Microfiber is the best fabric for sensitive skin which is prone to allergies or skin problems.</span></p>
                <h3><strong><span>ELEGANCE AND EXCELLENCE IN ONE BED COVER.</span></strong></h3>
                <p><span>This bedding set is designed to stand out in terms of aesthetics as well as class. Washing such printed bed covers is usually difficult because machines fade the colours and impair the quality. But, with this high-quality bedcover, you don’t need to worry about because its charm and quality will not fade away.</span></p>
                <h3><strong><span>FEELS GOOD AS NEW, EVERY SINGLE TIME.</span></strong></h3>
                <p><span>Microfiber cloth is specially chosen for our bed covers because it is wrinkle- and fade-resistant with 100% guarantee for enduring use. While other bed covers become rough, dull and threadbare over time, the Bohemian bed cover is threaded to perfection and stays that way for years.</span></p>
                But remember not to use bleach, wash it gently, and let it cool tumble and line dry for the long-lasting usage.</div>
            <div></div>
            <div>
                <h3><strong><span>BED SET INCLUDES:  1* DUVET COVER 2* PILLOWCASES</span></strong></h3>
            </div>",,,,30,deny,,89.5,,Twin,manual
https://cdn.shopify.com/s/files/1/1326/0975/products/stitch_a772f204-23c0-4743-b568-abd581c081a3.JPG?v=1509417374,178,,,,,,,,"3D Customize Taylor Swift Bedding Set Duvet Cover Set Bedroom Set Bedlinenbed-covers,bedding,bedding-set,bedroom-sets,duvet,duvet-cover,duvet-cover-set,duvet-sets,flat-sheet,pillowcases,quilt-covers,taylor-swift",3d-customize-taylor-swift-bedding-set-duvet-cover-set-bedroom-set-bedlinen6,,,,,2,,,,,50,deny,,89,,Full,manual
https://cdn.shopify.com/s/files/1/1326/0975/products/pillowcases_6981b3ba-610a-472a-8aa8-ee41dd0965ab.JPG?v=1509417374,178,,,,,,,,"3D Customize Taylor Swift Bedding Set Duvet Cover Set Bedroom Set Bedlinenbed-covers,bedding,bedding-set,bedroom-sets,duvet,duvet-cover,duvet-cover-set,duvet-sets,flat-sheet,pillowcases,quilt-covers,taylor-swift",3d-customize-taylor-swift-bedding-set-duvet-cover-set-bedroom-set-bedlinen6,,,,,3,,,,,50,deny,,89,,Queen,manual
https://cdn.shopify.com/s/files/1/1326/0975/products/zipper_8e598f7f-4c85-4aa3-993d-683d43a272d2.JPG?v=1509417374,178,,,,,,,,"3D Customize Taylor Swift Bedding Set Duvet Cover Set Bedroom Set Bedlinenbed-covers,bedding,bedding-set,bedroom-sets,duvet,duvet-cover,duvet-cover-set,duvet-sets,flat-sheet,pillowcases,quilt-covers,taylor-swift",3d-customize-taylor-swift-bedding-set-duvet-cover-set-bedroom-set-bedlinen6,,,,,4,,,,,50,deny,,89,,King,manual
,129,,,,,,,,,3d-customize-taylor-swift-bedding-set-duvet-cover-set-bedroom-set-bedlinen6,,,,,,,,,,50,deny,,108.5,,California King,manual
https://cdn.shopify.com/s/files/1/1326/0975/products/TL091116036.jpg?v=1492316799,108,,Size,TRUE,,,,Five nights at freddy's Duvet Cover Set,3D Five Nights At Freddy's 3PCS Duvet Cover Set Bedding Set Flat Sheet Pillowcases,3d-five-nights-at-freddys-3pcs-duvet-cover-set-bedding-set-flat-sheet-pillowcases9,3D Five Nights At Freddy's 3PCS Duvet Cover Set Bedding Set Flat Sheet Pillowcases,,,"bed-covers,bedding,bedding-set,bedroom-sets,duvet,duvet-cover,duvet-cover-set,duvet-sets,five-nights-at-freddys,flat-sheet,quilt-covers",1,"<div>
            <h3><strong><span>UPGRADE YOUR LIFESTYLE WITH TRENDY BEDCOVER</span></strong></h3>
            <p><span>Trends change a lot with the passage of time. That’s why we make sure to bring you the trendiest fashionable bed covers.</span></p>
            <h3><strong><span>SLEEP IN AVANT-GARDE STYLE</span></strong></h3>
            <p><span>This bedding set has the most fascinating catchy look, with colourful artwork that leaves everyone staring in awe. Let your bed cover remind you to <em>laugh, live every moment</em> and <em>love beyond words</em>.</span></p>
            <h3><strong><span>UPDATE YOUR BEDROOM APPEAL</span></strong></h3>
            <p><span>Give your bedroom a supreme trendy look with this bed cover that reflects your stylish and happy-go-lucky lifestyle. Your exclusive tastes can only be satisfied with a unique microfiber bed cover like this one.</span></p>
            <h3><strong><span>MADE WITH 100% PURE AND SUPERIOR FABRIC</span></strong></h3>
            The quality of this bed cover is owed to the use of microfiber material. That’s what makes it not only good-looking, but also comfortable, soft, relaxing, and surprisingly long-lasting. We give 100% guarantee to our customers when it comes to quality and durability. This wrinkle-free and fade-resistant bed cover set is easy to use, easy to care for and easy to wash.
            <div>
                <br />
                <h3><strong><span>BED SET INCLUDES: 1* DUVET COVER 2* PILLOWCASES</span></strong></h3>
            </div>
            </div>",,,,30,deny,,89.5,,Twin,manual
https://cdn.shopify.com/s/files/1/1326/0975/products/stitch_bfaec630-a567-44f8-aabc-b6f53aefb23d.JPG?v=1492316800,178,,,,,,,,"3D Five Nights At Freddy's 3PCS Duvet Cover Set Bedding Set Flat Sheet Pillowcasesbed-covers,bedding,bedding-set,bedroom-sets,duvet,duvet-cover,duvet-cover-set,duvet-sets,five-nights-at-freddys,flat-sheet,quilt-covers",3d-five-nights-at-freddys-3pcs-duvet-cover-set-bedding-set-flat-sheet-pillowcases9,,,,,2,,,,,50,deny,,89,,Full,manual
https://cdn.shopify.com/s/files/1/1326/0975/products/pillowcases_5d84f7b2-0651-429e-a904-e15e33e151ba.JPG?v=1492316801,178,,,,,,,,"3D Five Nights At Freddy's 3PCS Duvet Cover Set Bedding Set Flat Sheet Pillowcasesbed-covers,bedding,bedding-set,bedroom-sets,duvet,duvet-cover,duvet-cover-set,duvet-sets,five-nights-at-freddys,flat-sheet,quilt-covers",3d-five-nights-at-freddys-3pcs-duvet-cover-set-bedding-set-flat-sheet-pillowcases9,,,,,3,,,,,50,deny,,89,,Queen,manual
https://cdn.shopify.com/s/files/1/1326/0975/products/zipper_2e4ea476-99fc-4b39-9049-4b6db48368b9.JPG?v=1492316802,178,,,,,,,,"3D Five Nights At Freddy's 3PCS Duvet Cover Set Bedding Set Flat Sheet Pillowcasesbed-covers,bedding,bedding-set,bedroom-sets,duvet,duvet-cover,duvet-cover-set,duvet-sets,five-nights-at-freddys,flat-sheet,quilt-covers",3d-five-nights-at-freddys-3pcs-duvet-cover-set-bedding-set-flat-sheet-pillowcases9,,,,,4,,,,,50,deny,,89,,King,manual
,129,,,,,,,,,3d-five-nights-at-freddys-3pcs-duvet-cover-set-bedding-set-flat-sheet-pillowcases9,,,,,,,,,,50,deny,,108.5,,California King,manual
https://cdn.shopify.com/s/files/1/1326/0975/products/29_83ede6f0-1b4b-4d58-b56d-785b2d497e34.jpg?v=1524279732,108,,Size,TRUE,,,,Fortnite Duvet Cover Set,3D Customize Fortnite Bedding Set Duvet Cover Set Bedroom Set Bedlinen,3d-customize-fortnite-bedding-set-duvet-cover-set-bedroom-set-bedlinen4,3D Customize Fortnite Bedding Set Duvet Cover Set Bedroom Set Bedlinen,,,"bed-covers,bedding,bedding-set,bedroom-sets,duvet,duvet-cover,duvet-cover-set,duvet-sets,flat-sheet,fortnite,pillowcases,quilt-covers",1,"<h3><strong><span>SWEET BEDCOVER FOR YOUR SWEET DREAMS</span></strong></h3>
            <p><span>When anyone enters a bedroom, the first thing they notice is the bed. This is precisely why an aesthetic bed cover with gorgeous design is a must.</span></p>
            <h3><strong><span>A BEDCOVER YOU CAN’T TAKE YOUR EYES OFF</span></strong></h3>
            <p><span>With a remarkable cluster of brilliant colours and fancy artwork, this bed set highlights the impression of your bedroom in an exquisite manner. The impressive arrangement of sundry designs in catchy colors and pattern make it a magnificent view for all.</span></p>
            <h3><strong><span>SUPERIOR FABRIC QUALITY THAT YOU DESERVE</span></strong></h3>
            <p>Our premium quality bed covers are made of microfiber, and that’s what makes them special. Microfiber bed covers offer unmatched softness and durability. What makes this bed cover unique from the rest are its qualities of wrinkle and fade resistance. The 1 quilt cover and 2 matching pillowcases, all are made of 100% pure and premier microfiber for luxurious feel. You’ll never want to leave your bed!</p>
            <br />
            <h3><strong><span>BED SET INCLUDES: 1* DUVET COVER 2* PILLOWCASES</span></strong></h3>",,,,30,deny,,89.5,,Twin,manual
https://cdn.shopify.com/s/files/1/1326/0975/products/stitch_5cf65179-e3e2-441a-920b-d609d89a935e.JPG?v=1524279732,178,,,,,,,,"3D Customize Fortnite Bedding Set Duvet Cover Set Bedroom Set Bedlinenbed-covers,bedding,bedding-set,bedroom-sets,duvet,duvet-cover,duvet-cover-set,duvet-sets,flat-sheet,fortnite,pillowcases,quilt-covers",3d-customize-fortnite-bedding-set-duvet-cover-set-bedroom-set-bedlinen4,,,,,2,,,,,50,deny,,89,,Full,manual
https://cdn.shopify.com/s/files/1/1326/0975/products/pillowcases_50653b13-756d-455b-beb6-06a776be6996.JPG?v=1524279732,178,,,,,,,,"3D Customize Fortnite Bedding Set Duvet Cover Set Bedroom Set Bedlinenbed-covers,bedding,bedding-set,bedroom-sets,duvet,duvet-cover,duvet-cover-set,duvet-sets,flat-sheet,fortnite,pillowcases,quilt-covers",3d-customize-fortnite-bedding-set-duvet-cover-set-bedroom-set-bedlinen4,,,,,3,,,,,50,deny,,89,,Queen,manual
https://cdn.shopify.com/s/files/1/1326/0975/products/zipper_2abd7211-eb59-4da9-b554-84023137468b.JPG?v=1524279732,178,,,,,,,,"3D Customize Fortnite Bedding Set Duvet Cover Set Bedroom Set Bedlinenbed-covers,bedding,bedding-set,bedroom-sets,duvet,duvet-cover,duvet-cover-set,duvet-sets,flat-sheet,fortnite,pillowcases,quilt-covers",3d-customize-fortnite-bedding-set-duvet-cover-set-bedroom-set-bedlinen4,,,,,4,,,,,50,deny,,89,,King,manual
,129,,,,,,,,,3d-customize-fortnite-bedding-set-duvet-cover-set-bedroom-set-bedlinen4,,,,,,,,,,50,deny,,108.5,,California King,manual
https://cdn.shopify.com/s/files/1/1326/0975/products/TL16121610.jpg?v=1492316616,108,,Size,TRUE,,,,The Flash Duvet Cover Set,3D Customize The Flash Bedding Set Duvet Cover Set Bedroom Set Bedlinen,3d-customize-the-flash-bedding-set-duvet-cover-set-bedroom-set-bedlinen8,3D Customize The Flash Bedding Set Duvet Cover Set Bedroom Set Bedlinen,,,"bed-covers,bedding,bedding-set,bedroom-sets,duvet,duvet-cover,duvet-cover-set,duvet-sets,flat-sheet,quilt-covers,the-flash",1,"<div>
                <h3><strong>QUALITY BEDCOVER<span> FOR YOUR BEDROOM.</span></strong></h3>
                <p><span>Are you worried about the quality of bedcovers because of your sensitive skin? The solution is here.</span></p>
                <h3><strong><span>THE BEST BED COVER FOR SENSITIVE SKIN.</span></strong></h3>
                <p><span>Our 100% microfiber bed cover is made of the finest material that caresses your skin with the most gentle and soft touch. Microfiber is the best fabric for sensitive skin which is prone to allergies or skin problems.</span></p>
                <h3><strong><span>ELEGANCE AND EXCELLENCE IN ONE BED COVER.</span></strong></h3>
                <p><span>This bedding set is designed to stand out in terms of aesthetics as well as class. Washing such printed bed covers is usually difficult because machines fade the colours and impair the quality. But, with this high-quality bedcover, you don’t need to worry about because its charm and quality will not fade away.</span></p>
                <h3><strong><span>FEELS GOOD AS NEW, EVERY SINGLE TIME.</span></strong></h3>
                <p><span>Microfiber cloth is specially chosen for our bed covers because it is wrinkle- and fade-resistant with 100% guarantee for enduring use. While other bed covers become rough, dull and threadbare over time, the Bohemian bed cover is threaded to perfection and stays that way for years.</span></p>
                But remember not to use bleach, wash it gently, and let it cool tumble and line dry for the long-lasting usage.</div>
            <div></div>
            <div>
                <h3><strong><span>BED SET INCLUDES:  1* DUVET COVER 2* PILLOWCASES</span></strong></h3>
            </div>",,,,30,deny,,89.5,,Twin,manual
https://cdn.shopify.com/s/files/1/1326/0975/products/stitch_fccc56f5-e2e7-4c8e-8746-ca81e54ea13f.JPG?v=1492316617,178,,,,,,,,"3D Customize The Flash Bedding Set Duvet Cover Set Bedroom Set Bedlinenbed-covers,bedding,bedding-set,bedroom-sets,duvet,duvet-cover,duvet-cover-set,duvet-sets,flat-sheet,quilt-covers,the-flash",3d-customize-the-flash-bedding-set-duvet-cover-set-bedroom-set-bedlinen8,,,,,2,,,,,50,deny,,89,,Full,manual
https://cdn.shopify.com/s/files/1/1326/0975/products/pillowcases_e59a07e2-8b1b-4a77-8c4b-7583f9ad9a19.JPG?v=1492316618,178,,,,,,,,"3D Customize The Flash Bedding Set Duvet Cover Set Bedroom Set Bedlinenbed-covers,bedding,bedding-set,bedroom-sets,duvet,duvet-cover,duvet-cover-set,duvet-sets,flat-sheet,quilt-covers,the-flash",3d-customize-the-flash-bedding-set-duvet-cover-set-bedroom-set-bedlinen8,,,,,3,,,,,50,deny,,89,,Queen,manual
https://cdn.shopify.com/s/files/1/1326/0975/products/zipper_755a07b6-dc9f-4841-bb80-4df8520a9512.JPG?v=1492316619,178,,,,,,,,"3D Customize The Flash Bedding Set Duvet Cover Set Bedroom Set Bedlinenbed-covers,bedding,bedding-set,bedroom-sets,duvet,duvet-cover,duvet-cover-set,duvet-sets,flat-sheet,quilt-covers,the-flash",3d-customize-the-flash-bedding-set-duvet-cover-set-bedroom-set-bedlinen8,,,,,4,,,,,50,deny,,89,,King,manual
,129,,,,,,,,,3d-customize-the-flash-bedding-set-duvet-cover-set-bedroom-set-bedlinen8,,,,,,,,,,50,deny,,108.5,,California King,manual
https://cdn.shopify.com/s/files/1/1326/0975/products/TL24031706.jpg?v=1511753023,108,,Size,TRUE,,,,Overwatch Duvet Cover Set,3D Customize Overwatch Bedding Set Duvet Cover Set Bedroom Set Bedlinen,3d-customize-overwatch-bedding-set-duvet-cover-set-bedroom-set-bedlinen7,3D Customize Overwatch Bedding Set Duvet Cover Set Bedroom Set Bedlinen,,,"bed-covers,bedding,bedding-set,bedroom-sets,duvet,duvet-cover,duvet-cover-set,duvet-sets,flat-sheet,overwatch,pillowcases,quilt-covers",1,"<h3><strong><span>SWEET BEDCOVER FOR YOUR SWEET DREAMS</span></strong></h3>
            <p><span>When anyone enters a bedroom, the first thing they notice is the bed. This is precisely why an aesthetic bed cover with gorgeous design is a must.</span></p>
            <h3><strong><span>A BEDCOVER YOU CAN’T TAKE YOUR EYES OFF</span></strong></h3>
            <p><span>With a remarkable cluster of brilliant colours and fancy artwork, this bed set highlights the impression of your bedroom in an exquisite manner. The impressive arrangement of sundry designs in catchy colors and pattern make it a magnificent view for all.</span></p>
            <h3><strong><span>SUPERIOR FABRIC QUALITY THAT YOU DESERVE</span></strong></h3>
            <p>Our premium quality bed covers are made of microfiber, and that’s what makes them special. Microfiber bed covers offer unmatched softness and durability. What makes this bed cover unique from the rest are its qualities of wrinkle and fade resistance. The 1 quilt cover and 2 matching pillowcases, all are made of 100% pure and premier microfiber for luxurious feel. You’ll never want to leave your bed!</p>
            <br />
            <h3><strong><span>BED SET INCLUDES: 1* DUVET COVER 2* PILLOWCASES</span></strong></h3>",,,,30,deny,,89.5,,Twin,manual
https://cdn.shopify.com/s/files/1/1326/0975/products/stitch_2aea87ce-797d-4bc2-a8cb-020c42d8893a.JPG?v=1511753023,178,,,,,,,,"3D Customize Overwatch Bedding Set Duvet Cover Set Bedroom Set Bedlinenbed-covers,bedding,bedding-set,bedroom-sets,duvet,duvet-cover,duvet-cover-set,duvet-sets,flat-sheet,overwatch,pillowcases,quilt-covers",3d-customize-overwatch-bedding-set-duvet-cover-set-bedroom-set-bedlinen7,,,,,2,,,,,50,deny,,89,,Full,manual
https://cdn.shopify.com/s/files/1/1326/0975/products/pillowcases_73c021e1-d708-4728-954f-b90acbb46184.JPG?v=1511753023,178,,,,,,,,"3D Customize Overwatch Bedding Set Duvet Cover Set Bedroom Set Bedlinenbed-covers,bedding,bedding-set,bedroom-sets,duvet,duvet-cover,duvet-cover-set,duvet-sets,flat-sheet,overwatch,pillowcases,quilt-covers",3d-customize-overwatch-bedding-set-duvet-cover-set-bedroom-set-bedlinen7,,,,,3,,,,,50,deny,,89,,Queen,manual
https://cdn.shopify.com/s/files/1/1326/0975/products/zipper_ee647b54-264d-47d7-849e-1d247e683c83.JPG?v=1511753023,178,,,,,,,,"3D Customize Overwatch Bedding Set Duvet Cover Set Bedroom Set Bedlinenbed-covers,bedding,bedding-set,bedroom-sets,duvet,duvet-cover,duvet-cover-set,duvet-sets,flat-sheet,overwatch,pillowcases,quilt-covers",3d-customize-overwatch-bedding-set-duvet-cover-set-bedroom-set-bedlinen7,,,,,4,,,,,50,deny,,89,,King,manual
,129,,,,,,,,,3d-customize-overwatch-bedding-set-duvet-cover-set-bedroom-set-bedlinen7,,,,,,,,,,50,deny,,108.5,,California King,manual
