Handle,title,Body (HTML),Vendor,Type,Tags,Published,Option1 Name,Option1 Value,Option2 Name,Option2 Value,Option3 Name,Option3 Value,Variant SKU,Variant Grams,Variant Inventory Tracker,Variant Inventory Qty,Variant Inventory Policy,Variant Fulfillment Service,Variant Price,Variant Compare At Price,Variant Requires Shipping,Variant Taxable,Variant Barcode,Image Src,Image Position,Image Alt Text,Variant Image
anime-ghibli-my-neighbor-totoro-sleep-in-the-green-forest-3d-all-over-print-tshirt-hoodie-sweater-tank,Sleep In The Green Forest,"<p><strong>Anime Ghibli My Neighbor Totoro</strong><strong> Sleep In The Green Forest 3d All Over Print Tshirt Hoodie Sweater Tank</strong></p>
<p><strong>COMFORT &amp; STYLE</strong></p>
<p>100% Premium Polyester. This fabric is incredibly strong and durable as well as resistant to wrinkles, shrinking, abrasion, and mildew. Machine washable and easy to care for.</p>
<p><strong>VIVID &amp; ORIGINAL 360 DESIGN</strong></p>
<p>High-definition sublimation printing technique covers the entire front, back... everything! Each fabric panel of the tank top is printed with the graphics before sewing to ensure the design is flawless and the construction is perfect.</p>
<p><span style=""color: #ff0000;""><strong>NOTE:</strong> This is made in US/EU size. Please check our size chart carefully before checking out!</span></p>",print amazing,Studio Ghibli,"3d,anime,castle in the sky,Catbus Kiki Chihiro San Nausicaa Mononoke,chihiro,clothing,display-countdown,ghibli,Ghibli Spirited Away My Neighbor Totoro Howl's Moving Castle Princess Mononoke Ponyo Castle In The Sky Kiki's Delivery Service Whisper of The Heart Porco Rosso,hoodies,hoodies & sweatshirts,Japan,kiki,laputa,nausicaa,Nausicaä of the Valley of the Wind Hayao Miyazaki Totoro Howl No Face Lady Eboshi Catbus Kiki Chihiro San Nausicaa Mononoke,shirt,sizechart-us-eu-shirts,studio,studio ghibli,totoro,Tribute Hayao Miyazaki Anime Studio Ghibli My Neighbor Totoro Spirited Away Ponyo Princess Mononoke Howl's Moving Castle Kiki's Delivery Service No Face,view-size-chart,vio",TRUE,Type,Hoodie,Size,S,,,,,,50,deny,manual,41.95,79.95,,,,https://cdn.shopify.com/s/files/1/2644/5774/products/vio-store-ghibli-hoodie-s-sleep-in-the-green-forest-5484498190379.jpg,1,Sleep In The Green Forest Hoodie,https://cdn.shopify.com/s/files/1/2644/5774/products/vio-store-ghibli-hoodie-s-sleep-in-the-green-forest-5484498190379.jpg
anime-ghibli-my-neighbor-totoro-sleep-in-the-green-forest-3d-all-over-print-tshirt-hoodie-sweater-tank,,,print amazing,,,,,Hoodie,,M,,,,,,50,deny,manual,41.95,79.95,,,,https://cdn.shopify.com/s/files/1/2644/5774/products/vio-store-ghibli-t-shirt-s-sleep-in-the-green-forest-5484498321451.jpg,2,,https://cdn.shopify.com/s/files/1/2644/5774/products/vio-store-ghibli-hoodie-s-sleep-in-the-green-forest-5484498190379.jpg
anime-ghibli-my-neighbor-totoro-sleep-in-the-green-forest-3d-all-over-print-tshirt-hoodie-sweater-tank,,,print amazing,,,,,Hoodie,,L,,,,,,50,deny,manual,41.95,79.95,,,,https://cdn.shopify.com/s/files/1/2644/5774/products/vio-store-ghibli-sweatshirt-s-sleep-in-the-green-forest-5484498452523.jpg,3,,https://cdn.shopify.com/s/files/1/2644/5774/products/vio-store-ghibli-hoodie-s-sleep-in-the-green-forest-5484498190379.jpg
anime-ghibli-my-neighbor-totoro-sleep-in-the-green-forest-3d-all-over-print-tshirt-hoodie-sweater-tank,,,print amazing,,,,,Hoodie,,XL,,,,,,50,deny,manual,41.95,79.95,,,,https://cdn.shopify.com/s/files/1/2644/5774/products/vio-store-ghibli-zip-s-sleep-in-the-green-forest-5484498583595.jpg,4,,https://cdn.shopify.com/s/files/1/2644/5774/products/vio-store-ghibli-hoodie-s-sleep-in-the-green-forest-5484498190379.jpg
anime-ghibli-my-neighbor-totoro-sleep-in-the-green-forest-3d-all-over-print-tshirt-hoodie-sweater-tank,,,print amazing,,,,,Hoodie,,XXL,,,,,,50,deny,manual,41.95,79.95,,,,https://cdn.shopify.com/s/files/1/2644/5774/products/vio-store-ghibli-tank-s-sleep-in-the-green-forest-5484497829931.jpg,5,,https://cdn.shopify.com/s/files/1/2644/5774/products/vio-store-ghibli-hoodie-s-sleep-in-the-green-forest-5484498190379.jpg
anime-ghibli-my-neighbor-totoro-sleep-in-the-green-forest-3d-all-over-print-tshirt-hoodie-sweater-tank,,,print amazing,,,,,Hoodie,,XXXL,,,,,,50,deny,manual,41.95,79.95,,,,https://cdn.shopify.com/s/files/1/2644/5774/products/VIO-ST22565-KID.png,6,,https://cdn.shopify.com/s/files/1/2644/5774/products/vio-store-ghibli-hoodie-s-sleep-in-the-green-forest-5484498190379.jpg
anime-ghibli-my-neighbor-totoro-sleep-in-the-green-forest-3d-all-over-print-tshirt-hoodie-sweater-tank,,,print amazing,,,,,Hoodie,,4XL,,,,,,50,deny,manual,41.95,79.95,,,,,,,https://cdn.shopify.com/s/files/1/2644/5774/products/vio-store-ghibli-hoodie-s-sleep-in-the-green-forest-5484498190379.jpg
anime-ghibli-my-neighbor-totoro-sleep-in-the-green-forest-3d-all-over-print-tshirt-hoodie-sweater-tank,,,print amazing,,,,,Hoodie,,5XL,,,,,,50,deny,manual,41.95,79.95,,,,,,,https://cdn.shopify.com/s/files/1/2644/5774/products/vio-store-ghibli-hoodie-s-sleep-in-the-green-forest-5484498190379.jpg
anime-ghibli-my-neighbor-totoro-sleep-in-the-green-forest-3d-all-over-print-tshirt-hoodie-sweater-tank,,,print amazing,,,,,Sweatshirt,,S,,,,,,50,deny,manual,36.95,69.95,,,,,,,https://cdn.shopify.com/s/files/1/2644/5774/products/vio-store-ghibli-sweatshirt-s-sleep-in-the-green-forest-5484498452523.jpg
anime-ghibli-my-neighbor-totoro-sleep-in-the-green-forest-3d-all-over-print-tshirt-hoodie-sweater-tank,,,print amazing,,,,,Sweatshirt,,M,,,,,,50,deny,manual,36.95,69.95,,,,,,,https://cdn.shopify.com/s/files/1/2644/5774/products/vio-store-ghibli-sweatshirt-s-sleep-in-the-green-forest-5484498452523.jpg
anime-ghibli-my-neighbor-totoro-sleep-in-the-green-forest-3d-all-over-print-tshirt-hoodie-sweater-tank,,,print amazing,,,,,Sweatshirt,,L,,,,,,50,deny,manual,36.95,69.95,,,,,,,https://cdn.shopify.com/s/files/1/2644/5774/products/vio-store-ghibli-sweatshirt-s-sleep-in-the-green-forest-5484498452523.jpg
anime-ghibli-my-neighbor-totoro-sleep-in-the-green-forest-3d-all-over-print-tshirt-hoodie-sweater-tank,,,print amazing,,,,,Sweatshirt,,XL,,,,,,50,deny,manual,36.95,69.95,,,,,,,https://cdn.shopify.com/s/files/1/2644/5774/products/vio-store-ghibli-sweatshirt-s-sleep-in-the-green-forest-5484498452523.jpg
anime-ghibli-my-neighbor-totoro-sleep-in-the-green-forest-3d-all-over-print-tshirt-hoodie-sweater-tank,,,print amazing,,,,,Sweatshirt,,XXL,,,,,,50,deny,manual,36.95,69.95,,,,,,,https://cdn.shopify.com/s/files/1/2644/5774/products/vio-store-ghibli-sweatshirt-s-sleep-in-the-green-forest-5484498452523.jpg
anime-ghibli-my-neighbor-totoro-sleep-in-the-green-forest-3d-all-over-print-tshirt-hoodie-sweater-tank,,,print amazing,,,,,Sweatshirt,,XXXL,,,,,,50,deny,manual,36.95,69.95,,,,,,,https://cdn.shopify.com/s/files/1/2644/5774/products/vio-store-ghibli-sweatshirt-s-sleep-in-the-green-forest-5484498452523.jpg
anime-ghibli-my-neighbor-totoro-sleep-in-the-green-forest-3d-all-over-print-tshirt-hoodie-sweater-tank,,,print amazing,,,,,Sweatshirt,,4XL,,,,,,50,deny,manual,36.95,69.95,,,,,,,https://cdn.shopify.com/s/files/1/2644/5774/products/vio-store-ghibli-sweatshirt-s-sleep-in-the-green-forest-5484498452523.jpg
anime-ghibli-my-neighbor-totoro-sleep-in-the-green-forest-3d-all-over-print-tshirt-hoodie-sweater-tank,,,print amazing,,,,,Sweatshirt,,5XL,,,,,,50,deny,manual,36.95,69.95,,,,,,,https://cdn.shopify.com/s/files/1/2644/5774/products/vio-store-ghibli-sweatshirt-s-sleep-in-the-green-forest-5484498452523.jpg
anime-ghibli-my-neighbor-totoro-sleep-in-the-green-forest-3d-all-over-print-tshirt-hoodie-sweater-tank,,,print amazing,,,,,T-Shirt,,S,,,,,,50,deny,manual,27.95,44.95,,,,,,,https://cdn.shopify.com/s/files/1/2644/5774/products/vio-store-ghibli-t-shirt-s-sleep-in-the-green-forest-5484498321451.jpg
anime-ghibli-my-neighbor-totoro-sleep-in-the-green-forest-3d-all-over-print-tshirt-hoodie-sweater-tank,,,print amazing,,,,,T-Shirt,,M,,,,,,50,deny,manual,27.95,44.95,,,,,,,https://cdn.shopify.com/s/files/1/2644/5774/products/vio-store-ghibli-t-shirt-s-sleep-in-the-green-forest-5484498321451.jpg
anime-ghibli-my-neighbor-totoro-sleep-in-the-green-forest-3d-all-over-print-tshirt-hoodie-sweater-tank,,,print amazing,,,,,T-Shirt,,L,,,,,,50,deny,manual,27.95,44.95,,,,,,,https://cdn.shopify.com/s/files/1/2644/5774/products/vio-store-ghibli-t-shirt-s-sleep-in-the-green-forest-5484498321451.jpg
anime-ghibli-my-neighbor-totoro-sleep-in-the-green-forest-3d-all-over-print-tshirt-hoodie-sweater-tank,,,print amazing,,,,,T-Shirt,,XL,,,,,,50,deny,manual,27.95,44.95,,,,,,,https://cdn.shopify.com/s/files/1/2644/5774/products/vio-store-ghibli-t-shirt-s-sleep-in-the-green-forest-5484498321451.jpg
anime-ghibli-my-neighbor-totoro-sleep-in-the-green-forest-3d-all-over-print-tshirt-hoodie-sweater-tank,,,print amazing,,,,,T-Shirt,,XXL,,,,,,50,deny,manual,27.95,44.95,,,,,,,https://cdn.shopify.com/s/files/1/2644/5774/products/vio-store-ghibli-t-shirt-s-sleep-in-the-green-forest-5484498321451.jpg
anime-ghibli-my-neighbor-totoro-sleep-in-the-green-forest-3d-all-over-print-tshirt-hoodie-sweater-tank,,,print amazing,,,,,T-Shirt,,XXXL,,,,,,50,deny,manual,27.95,44.95,,,,,,,https://cdn.shopify.com/s/files/1/2644/5774/products/vio-store-ghibli-t-shirt-s-sleep-in-the-green-forest-5484498321451.jpg
anime-ghibli-my-neighbor-totoro-sleep-in-the-green-forest-3d-all-over-print-tshirt-hoodie-sweater-tank,,,print amazing,,,,,T-Shirt,,4XL,,,,,,50,deny,manual,27.95,44.95,,,,,,,https://cdn.shopify.com/s/files/1/2644/5774/products/vio-store-ghibli-t-shirt-s-sleep-in-the-green-forest-5484498321451.jpg
anime-ghibli-my-neighbor-totoro-sleep-in-the-green-forest-3d-all-over-print-tshirt-hoodie-sweater-tank,,,print amazing,,,,,T-Shirt,,5XL,,,,,,50,deny,manual,27.95,44.95,,,,,,,https://cdn.shopify.com/s/files/1/2644/5774/products/vio-store-ghibli-t-shirt-s-sleep-in-the-green-forest-5484498321451.jpg
anime-ghibli-my-neighbor-totoro-sleep-in-the-green-forest-3d-all-over-print-tshirt-hoodie-sweater-tank,,,print amazing,,,,,Zip,,S,,,,,,50,deny,manual,45.95,79.95,,,,,,,https://cdn.shopify.com/s/files/1/2644/5774/products/vio-store-ghibli-zip-s-sleep-in-the-green-forest-5484498583595.jpg
anime-ghibli-my-neighbor-totoro-sleep-in-the-green-forest-3d-all-over-print-tshirt-hoodie-sweater-tank,,,print amazing,,,,,Zip,,M,,,,,,50,deny,manual,45.95,79.95,,,,,,,https://cdn.shopify.com/s/files/1/2644/5774/products/vio-store-ghibli-zip-s-sleep-in-the-green-forest-5484498583595.jpg
anime-ghibli-my-neighbor-totoro-sleep-in-the-green-forest-3d-all-over-print-tshirt-hoodie-sweater-tank,,,print amazing,,,,,Zip,,L,,,,,,50,deny,manual,45.95,79.95,,,,,,,https://cdn.shopify.com/s/files/1/2644/5774/products/vio-store-ghibli-zip-s-sleep-in-the-green-forest-5484498583595.jpg
anime-ghibli-my-neighbor-totoro-sleep-in-the-green-forest-3d-all-over-print-tshirt-hoodie-sweater-tank,,,print amazing,,,,,Zip,,XL,,,,,,50,deny,manual,45.95,79.95,,,,,,,https://cdn.shopify.com/s/files/1/2644/5774/products/vio-store-ghibli-zip-s-sleep-in-the-green-forest-5484498583595.jpg
anime-ghibli-my-neighbor-totoro-sleep-in-the-green-forest-3d-all-over-print-tshirt-hoodie-sweater-tank,,,print amazing,,,,,Zip,,XXL,,,,,,50,deny,manual,45.95,79.95,,,,,,,https://cdn.shopify.com/s/files/1/2644/5774/products/vio-store-ghibli-zip-s-sleep-in-the-green-forest-5484498583595.jpg
anime-ghibli-my-neighbor-totoro-sleep-in-the-green-forest-3d-all-over-print-tshirt-hoodie-sweater-tank,,,print amazing,,,,,Zip,,XXXL,,,,,,50,deny,manual,45.95,79.95,,,,,,,https://cdn.shopify.com/s/files/1/2644/5774/products/vio-store-ghibli-zip-s-sleep-in-the-green-forest-5484498583595.jpg
anime-ghibli-my-neighbor-totoro-sleep-in-the-green-forest-3d-all-over-print-tshirt-hoodie-sweater-tank,,,print amazing,,,,,Zip,,4XL,,,,,,50,deny,manual,45.95,79.95,,,,,,,https://cdn.shopify.com/s/files/1/2644/5774/products/vio-store-ghibli-zip-s-sleep-in-the-green-forest-5484498583595.jpg
anime-ghibli-my-neighbor-totoro-sleep-in-the-green-forest-3d-all-over-print-tshirt-hoodie-sweater-tank,,,print amazing,,,,,Zip,,5XL,,,,,,50,deny,manual,45.95,79.95,,,,,,,https://cdn.shopify.com/s/files/1/2644/5774/products/vio-store-ghibli-zip-s-sleep-in-the-green-forest-5484498583595.jpg
anime-ghibli-my-neighbor-totoro-sleep-in-the-green-forest-3d-all-over-print-tshirt-hoodie-sweater-tank,,,print amazing,,,,,Tank,,S,,,,,,50,deny,manual,26.95,39.95,,,,,,,https://cdn.shopify.com/s/files/1/2644/5774/products/vio-store-ghibli-tank-s-sleep-in-the-green-forest-5484497829931.jpg
anime-ghibli-my-neighbor-totoro-sleep-in-the-green-forest-3d-all-over-print-tshirt-hoodie-sweater-tank,,,print amazing,,,,,Tank,,M,,,,,,50,deny,manual,26.95,39.95,,,,,,,https://cdn.shopify.com/s/files/1/2644/5774/products/vio-store-ghibli-tank-s-sleep-in-the-green-forest-5484497829931.jpg
anime-ghibli-my-neighbor-totoro-sleep-in-the-green-forest-3d-all-over-print-tshirt-hoodie-sweater-tank,,,print amazing,,,,,Tank,,L,,,,,,50,deny,manual,26.95,39.95,,,,,,,https://cdn.shopify.com/s/files/1/2644/5774/products/vio-store-ghibli-tank-s-sleep-in-the-green-forest-5484497829931.jpg
anime-ghibli-my-neighbor-totoro-sleep-in-the-green-forest-3d-all-over-print-tshirt-hoodie-sweater-tank,,,print amazing,,,,,Tank,,XL,,,,,,50,deny,manual,26.95,39.95,,,,,,,https://cdn.shopify.com/s/files/1/2644/5774/products/vio-store-ghibli-tank-s-sleep-in-the-green-forest-5484497829931.jpg
anime-ghibli-my-neighbor-totoro-sleep-in-the-green-forest-3d-all-over-print-tshirt-hoodie-sweater-tank,,,print amazing,,,,,Tank,,XXL,,,,,,50,deny,manual,26.95,39.95,,,,,,,https://cdn.shopify.com/s/files/1/2644/5774/products/vio-store-ghibli-tank-s-sleep-in-the-green-forest-5484497829931.jpg
anime-ghibli-my-neighbor-totoro-sleep-in-the-green-forest-3d-all-over-print-tshirt-hoodie-sweater-tank,,,print amazing,,,,,Kid,,S,,,,,,50,deny,manual,24.95,39.95,,,,,,,https://cdn.shopify.com/s/files/1/2644/5774/products/VIO-ST22565-KID.png
anime-ghibli-my-neighbor-totoro-sleep-in-the-green-forest-3d-all-over-print-tshirt-hoodie-sweater-tank,,,print amazing,,,,,Kid,,M,,,,,,50,deny,manual,24.95,39.95,,,,,,,https://cdn.shopify.com/s/files/1/2644/5774/products/VIO-ST22565-KID.png
anime-ghibli-my-neighbor-totoro-sleep-in-the-green-forest-3d-all-over-print-tshirt-hoodie-sweater-tank,,,print amazing,,,,,Kid,,L,,,,,,50,deny,manual,24.95,39.95,,,,,,,https://cdn.shopify.com/s/files/1/2644/5774/products/VIO-ST22565-KID.png
anime-ghibli-my-neighbor-totoro-sleep-in-the-green-forest-3d-all-over-print-tshirt-hoodie-sweater-tank,,,print amazing,,,,,Kid,,XL,,,,,,50,deny,manual,24.95,39.95,,,,,,,https://cdn.shopify.com/s/files/1/2644/5774/products/VIO-ST22565-KID.png
anime-ghibli-my-neighbor-totoro-sleep-in-the-green-forest-3d-all-over-print-tshirt-hoodie-sweater-tank,,,print amazing,,,,,Kid,,XXL,,,,,,50,deny,manual,24.95,39.95,,,,,,,https://cdn.shopify.com/s/files/1/2644/5774/products/VIO-ST22565-KID.png
anime-ghibli-my-neighbor-totoro-toro-king-3d-all-over-print-tshirt-hoodie-sweater-tank,Toro King,"<p><strong>Anime Ghibli My Neighbor Totoro Toro King 3d All Over Print Tshirt Hoodie Sweater Tank</strong></p>
<p><strong>COMFORT &amp; STYLE</strong></p>
<p>100% Premium Polyester. This fabric is incredibly strong and durable as well as resistant to wrinkles, shrinking, abrasion, and mildew. Machine washable and easy to care for.</p>
<p><strong>VIVID &amp; ORIGINAL 360 DESIGN</strong></p>
<p>High-definition sublimation printing technique covers the entire front, back... everything! Each fabric panel of the tank top is printed with the graphics before sewing to ensure the design is flawless and the construction is perfect.</p>
<p><span style=""color: #ff0000;""><strong>NOTE:</strong> This is made in US/EU size. Please check our size chart carefully before checking out!</span></p>",print amazing,Studio Ghibli,"3d,anime,castle in the sky,chihiro,clothing,display-countdown,ghibli,Ghibli Spirited Away My Neighbor Totoro Howl's Moving Castle Princess Mononoke Ponyo Castle In The Sky Kiki's Delivery Service Whisper of The Heart Porco Rosso,hoodies,hoodies & sweatshirts,Japan,kiki,laputa,nausicaa,Nausicaä of the Valley of the Wind Hayao Miyazaki Totoro Howl No Face Lady Eboshi Catbus Kiki Chihiro San Nausicaa Mononoke,shirt,sizechart-us-eu-shirts,studio,studio ghibli,totoro,Tribute Hayao Miyazaki Anime Studio Ghibli My Neighbor Totoro Spirited Away Ponyo Princess Mononoke Howl's Moving Castle Kiki's Delivery Service No Face,view-size-chart,vio",TRUE,Type,Hoodie,Size,S,,,,,,50,deny,manual,41.95,79.95,,,,https://cdn.shopify.com/s/files/1/2644/5774/products/vio-store-ghibli-hoodie-s-toro-king-5484114640939_280e7dcb-debc-42f1-8b3b-7bb5809fa91a.jpg,1,Toro King Hoodie,https://cdn.shopify.com/s/files/1/2644/5774/products/vio-store-ghibli-hoodie-s-toro-king-5484114640939_280e7dcb-debc-42f1-8b3b-7bb5809fa91a.jpg
anime-ghibli-my-neighbor-totoro-toro-king-3d-all-over-print-tshirt-hoodie-sweater-tank,,,print amazing,,,,,Hoodie,,M,,,,,,50,deny,manual,41.95,79.95,,,,https://cdn.shopify.com/s/files/1/2644/5774/products/vio-store-ghibli-t-shirt-s-toro-king-5484114837547_ba00c17d-6591-4d04-9440-73254c19d4db.jpg,2,,https://cdn.shopify.com/s/files/1/2644/5774/products/vio-store-ghibli-hoodie-s-toro-king-5484114640939_280e7dcb-debc-42f1-8b3b-7bb5809fa91a.jpg
anime-ghibli-my-neighbor-totoro-toro-king-3d-all-over-print-tshirt-hoodie-sweater-tank,,,print amazing,,,,,Hoodie,,L,,,,,,50,deny,manual,41.95,79.95,,,,https://cdn.shopify.com/s/files/1/2644/5774/products/vio-store-ghibli-sweatshirt-s-toro-king-5484115066923_7646906a-77af-4a04-a3b0-f3961aae088e.jpg,3,,https://cdn.shopify.com/s/files/1/2644/5774/products/vio-store-ghibli-hoodie-s-toro-king-5484114640939_280e7dcb-debc-42f1-8b3b-7bb5809fa91a.jpg
anime-ghibli-my-neighbor-totoro-toro-king-3d-all-over-print-tshirt-hoodie-sweater-tank,,,print amazing,,,,,Hoodie,,XL,,,,,,50,deny,manual,41.95,79.95,,,,https://cdn.shopify.com/s/files/1/2644/5774/products/vio-store-ghibli-zip-s-toro-king-5484115689515_444c97d3-2c06-4d95-ad8b-8533da9c3e79.jpg,4,,https://cdn.shopify.com/s/files/1/2644/5774/products/vio-store-ghibli-hoodie-s-toro-king-5484114640939_280e7dcb-debc-42f1-8b3b-7bb5809fa91a.jpg
anime-ghibli-my-neighbor-totoro-toro-king-3d-all-over-print-tshirt-hoodie-sweater-tank,,,print amazing,,,,,Hoodie,,XXL,,,,,,50,deny,manual,41.95,79.95,,,,https://cdn.shopify.com/s/files/1/2644/5774/products/vio-store-ghibli-tank-s-toro-king-5484113362987_e957dbd3-8e6f-4fe7-9d32-34afb82db832.jpg,5,,https://cdn.shopify.com/s/files/1/2644/5774/products/vio-store-ghibli-hoodie-s-toro-king-5484114640939_280e7dcb-debc-42f1-8b3b-7bb5809fa91a.jpg
anime-ghibli-my-neighbor-totoro-toro-king-3d-all-over-print-tshirt-hoodie-sweater-tank,,,print amazing,,,,,Hoodie,,XXXL,,,,,,50,deny,manual,41.95,79.95,,,,https://cdn.shopify.com/s/files/1/2644/5774/products/vio-store-ghibli-kid-s-toro-king-5484114313259_e4b7355b-a122-46cd-8582-875408c12060.jpg,6,,https://cdn.shopify.com/s/files/1/2644/5774/products/vio-store-ghibli-hoodie-s-toro-king-5484114640939_280e7dcb-debc-42f1-8b3b-7bb5809fa91a.jpg
anime-ghibli-my-neighbor-totoro-toro-king-3d-all-over-print-tshirt-hoodie-sweater-tank,,,print amazing,,,,,Hoodie,,4XL,,,,,,50,deny,manual,41.95,79.95,,,,,,,https://cdn.shopify.com/s/files/1/2644/5774/products/vio-store-ghibli-hoodie-s-toro-king-5484114640939_280e7dcb-debc-42f1-8b3b-7bb5809fa91a.jpg
anime-ghibli-my-neighbor-totoro-toro-king-3d-all-over-print-tshirt-hoodie-sweater-tank,,,print amazing,,,,,Hoodie,,5XL,,,,,,50,deny,manual,41.95,79.95,,,,,,,https://cdn.shopify.com/s/files/1/2644/5774/products/vio-store-ghibli-hoodie-s-toro-king-5484114640939_280e7dcb-debc-42f1-8b3b-7bb5809fa91a.jpg
anime-ghibli-my-neighbor-totoro-toro-king-3d-all-over-print-tshirt-hoodie-sweater-tank,,,print amazing,,,,,T-Shirt,,S,,,,,,50,deny,manual,27.95,44.95,,,,,,,https://cdn.shopify.com/s/files/1/2644/5774/products/vio-store-ghibli-t-shirt-s-toro-king-5484114837547_ba00c17d-6591-4d04-9440-73254c19d4db.jpg
anime-ghibli-my-neighbor-totoro-toro-king-3d-all-over-print-tshirt-hoodie-sweater-tank,,,print amazing,,,,,T-Shirt,,M,,,,,,50,deny,manual,27.95,44.95,,,,,,,https://cdn.shopify.com/s/files/1/2644/5774/products/vio-store-ghibli-t-shirt-s-toro-king-5484114837547_ba00c17d-6591-4d04-9440-73254c19d4db.jpg
anime-ghibli-my-neighbor-totoro-toro-king-3d-all-over-print-tshirt-hoodie-sweater-tank,,,print amazing,,,,,T-Shirt,,L,,,,,,50,deny,manual,27.95,44.95,,,,,,,https://cdn.shopify.com/s/files/1/2644/5774/products/vio-store-ghibli-t-shirt-s-toro-king-5484114837547_ba00c17d-6591-4d04-9440-73254c19d4db.jpg
anime-ghibli-my-neighbor-totoro-toro-king-3d-all-over-print-tshirt-hoodie-sweater-tank,,,print amazing,,,,,T-Shirt,,XL,,,,,,50,deny,manual,27.95,44.95,,,,,,,https://cdn.shopify.com/s/files/1/2644/5774/products/vio-store-ghibli-t-shirt-s-toro-king-5484114837547_ba00c17d-6591-4d04-9440-73254c19d4db.jpg
anime-ghibli-my-neighbor-totoro-toro-king-3d-all-over-print-tshirt-hoodie-sweater-tank,,,print amazing,,,,,T-Shirt,,XXL,,,,,,50,deny,manual,27.95,44.95,,,,,,,https://cdn.shopify.com/s/files/1/2644/5774/products/vio-store-ghibli-t-shirt-s-toro-king-5484114837547_ba00c17d-6591-4d04-9440-73254c19d4db.jpg
anime-ghibli-my-neighbor-totoro-toro-king-3d-all-over-print-tshirt-hoodie-sweater-tank,,,print amazing,,,,,T-Shirt,,XXXL,,,,,,50,deny,manual,27.95,44.95,,,,,,,https://cdn.shopify.com/s/files/1/2644/5774/products/vio-store-ghibli-t-shirt-s-toro-king-5484114837547_ba00c17d-6591-4d04-9440-73254c19d4db.jpg
anime-ghibli-my-neighbor-totoro-toro-king-3d-all-over-print-tshirt-hoodie-sweater-tank,,,print amazing,,,,,T-Shirt,,4XL,,,,,,50,deny,manual,27.95,44.95,,,,,,,https://cdn.shopify.com/s/files/1/2644/5774/products/vio-store-ghibli-t-shirt-s-toro-king-5484114837547_ba00c17d-6591-4d04-9440-73254c19d4db.jpg
anime-ghibli-my-neighbor-totoro-toro-king-3d-all-over-print-tshirt-hoodie-sweater-tank,,,print amazing,,,,,T-Shirt,,5XL,,,,,,50,deny,manual,27.95,44.95,,,,,,,https://cdn.shopify.com/s/files/1/2644/5774/products/vio-store-ghibli-t-shirt-s-toro-king-5484114837547_ba00c17d-6591-4d04-9440-73254c19d4db.jpg
anime-ghibli-my-neighbor-totoro-toro-king-3d-all-over-print-tshirt-hoodie-sweater-tank,,,print amazing,,,,,Sweatshirt,,S,,,,,,50,deny,manual,36.95,69.95,,,,,,,https://cdn.shopify.com/s/files/1/2644/5774/products/vio-store-ghibli-sweatshirt-s-toro-king-5484115066923_7646906a-77af-4a04-a3b0-f3961aae088e.jpg
anime-ghibli-my-neighbor-totoro-toro-king-3d-all-over-print-tshirt-hoodie-sweater-tank,,,print amazing,,,,,Sweatshirt,,M,,,,,,50,deny,manual,36.95,69.95,,,,,,,https://cdn.shopify.com/s/files/1/2644/5774/products/vio-store-ghibli-sweatshirt-s-toro-king-5484115066923_7646906a-77af-4a04-a3b0-f3961aae088e.jpg
anime-ghibli-my-neighbor-totoro-toro-king-3d-all-over-print-tshirt-hoodie-sweater-tank,,,print amazing,,,,,Sweatshirt,,L,,,,,,50,deny,manual,36.95,69.95,,,,,,,https://cdn.shopify.com/s/files/1/2644/5774/products/vio-store-ghibli-sweatshirt-s-toro-king-5484115066923_7646906a-77af-4a04-a3b0-f3961aae088e.jpg
anime-ghibli-my-neighbor-totoro-toro-king-3d-all-over-print-tshirt-hoodie-sweater-tank,,,print amazing,,,,,Sweatshirt,,XL,,,,,,50,deny,manual,36.95,69.95,,,,,,,https://cdn.shopify.com/s/files/1/2644/5774/products/vio-store-ghibli-sweatshirt-s-toro-king-5484115066923_7646906a-77af-4a04-a3b0-f3961aae088e.jpg
anime-ghibli-my-neighbor-totoro-toro-king-3d-all-over-print-tshirt-hoodie-sweater-tank,,,print amazing,,,,,Sweatshirt,,XXL,,,,,,50,deny,manual,36.95,69.95,,,,,,,https://cdn.shopify.com/s/files/1/2644/5774/products/vio-store-ghibli-sweatshirt-s-toro-king-5484115066923_7646906a-77af-4a04-a3b0-f3961aae088e.jpg
anime-ghibli-my-neighbor-totoro-toro-king-3d-all-over-print-tshirt-hoodie-sweater-tank,,,print amazing,,,,,Sweatshirt,,XXXL,,,,,,50,deny,manual,36.95,69.95,,,,,,,https://cdn.shopify.com/s/files/1/2644/5774/products/vio-store-ghibli-sweatshirt-s-toro-king-5484115066923_7646906a-77af-4a04-a3b0-f3961aae088e.jpg
anime-ghibli-my-neighbor-totoro-toro-king-3d-all-over-print-tshirt-hoodie-sweater-tank,,,print amazing,,,,,Sweatshirt,,4XL,,,,,,50,deny,manual,36.95,69.95,,,,,,,https://cdn.shopify.com/s/files/1/2644/5774/products/vio-store-ghibli-sweatshirt-s-toro-king-5484115066923_7646906a-77af-4a04-a3b0-f3961aae088e.jpg
anime-ghibli-my-neighbor-totoro-toro-king-3d-all-over-print-tshirt-hoodie-sweater-tank,,,print amazing,,,,,Sweatshirt,,5XL,,,,,,50,deny,manual,36.95,69.95,,,,,,,https://cdn.shopify.com/s/files/1/2644/5774/products/vio-store-ghibli-sweatshirt-s-toro-king-5484115066923_7646906a-77af-4a04-a3b0-f3961aae088e.jpg
anime-ghibli-my-neighbor-totoro-toro-king-3d-all-over-print-tshirt-hoodie-sweater-tank,,,print amazing,,,,,Zip,,S,,,,,,50,deny,manual,45.95,79.95,,,,,,,https://cdn.shopify.com/s/files/1/2644/5774/products/vio-store-ghibli-zip-s-toro-king-5484115689515_444c97d3-2c06-4d95-ad8b-8533da9c3e79.jpg
anime-ghibli-my-neighbor-totoro-toro-king-3d-all-over-print-tshirt-hoodie-sweater-tank,,,print amazing,,,,,Zip,,M,,,,,,50,deny,manual,45.95,79.95,,,,,,,https://cdn.shopify.com/s/files/1/2644/5774/products/vio-store-ghibli-zip-s-toro-king-5484115689515_444c97d3-2c06-4d95-ad8b-8533da9c3e79.jpg
anime-ghibli-my-neighbor-totoro-toro-king-3d-all-over-print-tshirt-hoodie-sweater-tank,,,print amazing,,,,,Zip,,L,,,,,,50,deny,manual,45.95,79.95,,,,,,,https://cdn.shopify.com/s/files/1/2644/5774/products/vio-store-ghibli-zip-s-toro-king-5484115689515_444c97d3-2c06-4d95-ad8b-8533da9c3e79.jpg
anime-ghibli-my-neighbor-totoro-toro-king-3d-all-over-print-tshirt-hoodie-sweater-tank,,,print amazing,,,,,Zip,,XL,,,,,,50,deny,manual,45.95,79.95,,,,,,,https://cdn.shopify.com/s/files/1/2644/5774/products/vio-store-ghibli-zip-s-toro-king-5484115689515_444c97d3-2c06-4d95-ad8b-8533da9c3e79.jpg
anime-ghibli-my-neighbor-totoro-toro-king-3d-all-over-print-tshirt-hoodie-sweater-tank,,,print amazing,,,,,Zip,,XXL,,,,,,50,deny,manual,45.95,79.95,,,,,,,https://cdn.shopify.com/s/files/1/2644/5774/products/vio-store-ghibli-zip-s-toro-king-5484115689515_444c97d3-2c06-4d95-ad8b-8533da9c3e79.jpg
anime-ghibli-my-neighbor-totoro-toro-king-3d-all-over-print-tshirt-hoodie-sweater-tank,,,print amazing,,,,,Zip,,XXXL,,,,,,50,deny,manual,45.95,79.95,,,,,,,https://cdn.shopify.com/s/files/1/2644/5774/products/vio-store-ghibli-zip-s-toro-king-5484115689515_444c97d3-2c06-4d95-ad8b-8533da9c3e79.jpg
anime-ghibli-my-neighbor-totoro-toro-king-3d-all-over-print-tshirt-hoodie-sweater-tank,,,print amazing,,,,,Zip,,4XL,,,,,,50,deny,manual,45.95,79.95,,,,,,,https://cdn.shopify.com/s/files/1/2644/5774/products/vio-store-ghibli-zip-s-toro-king-5484115689515_444c97d3-2c06-4d95-ad8b-8533da9c3e79.jpg
anime-ghibli-my-neighbor-totoro-toro-king-3d-all-over-print-tshirt-hoodie-sweater-tank,,,print amazing,,,,,Zip,,5XL,,,,,,50,deny,manual,45.95,79.95,,,,,,,https://cdn.shopify.com/s/files/1/2644/5774/products/vio-store-ghibli-zip-s-toro-king-5484115689515_444c97d3-2c06-4d95-ad8b-8533da9c3e79.jpg
anime-ghibli-my-neighbor-totoro-toro-king-3d-all-over-print-tshirt-hoodie-sweater-tank,,,print amazing,,,,,Tank,,S,,,,,,50,deny,manual,26.95,39.95,,,,,,,https://cdn.shopify.com/s/files/1/2644/5774/products/vio-store-ghibli-tank-s-toro-king-5484113362987_e957dbd3-8e6f-4fe7-9d32-34afb82db832.jpg
anime-ghibli-my-neighbor-totoro-toro-king-3d-all-over-print-tshirt-hoodie-sweater-tank,,,print amazing,,,,,Tank,,M,,,,,,50,deny,manual,26.95,39.95,,,,,,,https://cdn.shopify.com/s/files/1/2644/5774/products/vio-store-ghibli-tank-s-toro-king-5484113362987_e957dbd3-8e6f-4fe7-9d32-34afb82db832.jpg
anime-ghibli-my-neighbor-totoro-toro-king-3d-all-over-print-tshirt-hoodie-sweater-tank,,,print amazing,,,,,Tank,,L,,,,,,50,deny,manual,26.95,39.95,,,,,,,https://cdn.shopify.com/s/files/1/2644/5774/products/vio-store-ghibli-tank-s-toro-king-5484113362987_e957dbd3-8e6f-4fe7-9d32-34afb82db832.jpg
anime-ghibli-my-neighbor-totoro-toro-king-3d-all-over-print-tshirt-hoodie-sweater-tank,,,print amazing,,,,,Tank,,XL,,,,,,50,deny,manual,26.95,39.95,,,,,,,https://cdn.shopify.com/s/files/1/2644/5774/products/vio-store-ghibli-tank-s-toro-king-5484113362987_e957dbd3-8e6f-4fe7-9d32-34afb82db832.jpg
anime-ghibli-my-neighbor-totoro-toro-king-3d-all-over-print-tshirt-hoodie-sweater-tank,,,print amazing,,,,,Tank,,XXL,,,,,,50,deny,manual,26.95,39.95,,,,,,,https://cdn.shopify.com/s/files/1/2644/5774/products/vio-store-ghibli-tank-s-toro-king-5484113362987_e957dbd3-8e6f-4fe7-9d32-34afb82db832.jpg
anime-ghibli-my-neighbor-totoro-toro-king-3d-all-over-print-tshirt-hoodie-sweater-tank,,,print amazing,,,,,Kid,,S,,,,,,50,deny,manual,24.95,39.95,,,,,,,https://cdn.shopify.com/s/files/1/2644/5774/products/vio-store-ghibli-kid-s-toro-king-5484114313259_e4b7355b-a122-46cd-8582-875408c12060.jpg
anime-ghibli-my-neighbor-totoro-toro-king-3d-all-over-print-tshirt-hoodie-sweater-tank,,,print amazing,,,,,Kid,,M,,,,,,50,deny,manual,24.95,39.95,,,,,,,https://cdn.shopify.com/s/files/1/2644/5774/products/vio-store-ghibli-kid-s-toro-king-5484114313259_e4b7355b-a122-46cd-8582-875408c12060.jpg
anime-ghibli-my-neighbor-totoro-toro-king-3d-all-over-print-tshirt-hoodie-sweater-tank,,,print amazing,,,,,Kid,,L,,,,,,50,deny,manual,24.95,39.95,,,,,,,https://cdn.shopify.com/s/files/1/2644/5774/products/vio-store-ghibli-kid-s-toro-king-5484114313259_e4b7355b-a122-46cd-8582-875408c12060.jpg
anime-ghibli-my-neighbor-totoro-toro-king-3d-all-over-print-tshirt-hoodie-sweater-tank,,,print amazing,,,,,Kid,,XL,,,,,,50,deny,manual,24.95,39.95,,,,,,,https://cdn.shopify.com/s/files/1/2644/5774/products/vio-store-ghibli-kid-s-toro-king-5484114313259_e4b7355b-a122-46cd-8582-875408c12060.jpg
anime-ghibli-my-neighbor-totoro-toro-king-3d-all-over-print-tshirt-hoodie-sweater-tank,,,print amazing,,,,,Kid,,XXL,,,,,,50,deny,manual,24.95,39.95,,,,,,,https://cdn.shopify.com/s/files/1/2644/5774/products/vio-store-ghibli-kid-s-toro-king-5484114313259_e4b7355b-a122-46cd-8582-875408c12060.jpg
stylized-tree,Stylized Tree,"<p><strong>COMFORT &amp; STYLE</strong></p>
<p>100% Premium Polyester. This fabric is incredibly strong and durable as well as resistant to wrinkles, shrinking, abrasion, and mildew. Machine washable and easy to care for.</p>
<p><strong>VIVID &amp; ORIGINAL 360 DESIGN</strong></p>
<p>High-definition sublimation printing technique covers the entire front, back... everything! Each fabric panel of the tank top is printed with the graphics before sewing to ensure the design is flawless and the construction is perfect.</p>
 <p><span style=""color: #ff0000;""><strong>NOTE:</strong> This is made in US/EU size. Please check our size chart carefully before checking out!</span></p>",print amazing,Oil Painting,"3d,art,clothing,color,display-countdown,gallery,hoodies,hoodies & sweatshirts,landscape,oil,oil painting,painting,shirt,sizechart-us-eu-shirts,tree,view,view-size-chart,vio",TRUE,Type,Hoodie,Size,S,,,,,,50,deny,manual,41.95,79.95,,,,https://cdn.shopify.com/s/files/1/2644/5774/products/vio-store-oil-painting-hoodie-s-stylized-tree-5515443666987.jpg,1,Stylized Tree Hoodie,https://cdn.shopify.com/s/files/1/2644/5774/products/vio-store-oil-painting-hoodie-s-stylized-tree-5515443666987.jpg
stylized-tree,,,print amazing,,,,,Hoodie,,M,,,,,,50,deny,manual,41.95,79.95,,,,https://cdn.shopify.com/s/files/1/2644/5774/products/vio-store-oil-painting-t-shirt-s-stylized-tree-5515443961899.jpg,2,,https://cdn.shopify.com/s/files/1/2644/5774/products/vio-store-oil-painting-hoodie-s-stylized-tree-5515443666987.jpg
stylized-tree,,,print amazing,,,,,Hoodie,,L,,,,,,50,deny,manual,41.95,79.95,,,,https://cdn.shopify.com/s/files/1/2644/5774/products/vio-store-oil-painting-sweatshirt-s-stylized-tree-5515444191275.jpg,3,,https://cdn.shopify.com/s/files/1/2644/5774/products/vio-store-oil-painting-hoodie-s-stylized-tree-5515443666987.jpg
stylized-tree,,,print amazing,,,,,Hoodie,,XL,,,,,,50,deny,manual,41.95,79.95,,,,https://cdn.shopify.com/s/files/1/2644/5774/products/vio-store-oil-painting-zip-s-stylized-tree-5515444781099.jpg,4,,https://cdn.shopify.com/s/files/1/2644/5774/products/vio-store-oil-painting-hoodie-s-stylized-tree-5515443666987.jpg
stylized-tree,,,print amazing,,,,,Hoodie,,XXL,,,,,,50,deny,manual,41.95,79.95,,,,https://cdn.shopify.com/s/files/1/2644/5774/products/vio-store-oil-painting-tank-s-stylized-tree-5515442978859.jpg,5,,https://cdn.shopify.com/s/files/1/2644/5774/products/vio-store-oil-painting-hoodie-s-stylized-tree-5515443666987.jpg
stylized-tree,,,print amazing,,,,,Hoodie,,XXXL,,,,,,50,deny,manual,41.95,79.95,,,,https://cdn.shopify.com/s/files/1/2644/5774/products/vio-store-oil-painting-kid-s-stylized-tree-5515443175467.jpg,6,,https://cdn.shopify.com/s/files/1/2644/5774/products/vio-store-oil-painting-hoodie-s-stylized-tree-5515443666987.jpg
stylized-tree,,,print amazing,,,,,Hoodie,,4XL,,,,,,50,deny,manual,41.95,79.95,,,,,,,https://cdn.shopify.com/s/files/1/2644/5774/products/vio-store-oil-painting-hoodie-s-stylized-tree-5515443666987.jpg
stylized-tree,,,print amazing,,,,,Hoodie,,5XL,,,,,,50,deny,manual,41.95,79.95,,,,,,,https://cdn.shopify.com/s/files/1/2644/5774/products/vio-store-oil-painting-hoodie-s-stylized-tree-5515443666987.jpg
stylized-tree,,,print amazing,,,,,T-Shirt,,S,,,,,,50,deny,manual,27.95,44.95,,,,,,,https://cdn.shopify.com/s/files/1/2644/5774/products/vio-store-oil-painting-t-shirt-s-stylized-tree-5515443961899.jpg
stylized-tree,,,print amazing,,,,,T-Shirt,,M,,,,,,50,deny,manual,27.95,44.95,,,,,,,https://cdn.shopify.com/s/files/1/2644/5774/products/vio-store-oil-painting-t-shirt-s-stylized-tree-5515443961899.jpg
stylized-tree,,,print amazing,,,,,T-Shirt,,L,,,,,,50,deny,manual,27.95,44.95,,,,,,,https://cdn.shopify.com/s/files/1/2644/5774/products/vio-store-oil-painting-t-shirt-s-stylized-tree-5515443961899.jpg
stylized-tree,,,print amazing,,,,,T-Shirt,,XL,,,,,,50,deny,manual,27.95,44.95,,,,,,,https://cdn.shopify.com/s/files/1/2644/5774/products/vio-store-oil-painting-t-shirt-s-stylized-tree-5515443961899.jpg
stylized-tree,,,print amazing,,,,,T-Shirt,,XXL,,,,,,50,deny,manual,27.95,44.95,,,,,,,https://cdn.shopify.com/s/files/1/2644/5774/products/vio-store-oil-painting-t-shirt-s-stylized-tree-5515443961899.jpg
stylized-tree,,,print amazing,,,,,T-Shirt,,XXXL,,,,,,50,deny,manual,27.95,44.95,,,,,,,https://cdn.shopify.com/s/files/1/2644/5774/products/vio-store-oil-painting-t-shirt-s-stylized-tree-5515443961899.jpg
stylized-tree,,,print amazing,,,,,T-Shirt,,4XL,,,,,,50,deny,manual,27.95,44.95,,,,,,,https://cdn.shopify.com/s/files/1/2644/5774/products/vio-store-oil-painting-t-shirt-s-stylized-tree-5515443961899.jpg
stylized-tree,,,print amazing,,,,,T-Shirt,,5XL,,,,,,50,deny,manual,27.95,44.95,,,,,,,https://cdn.shopify.com/s/files/1/2644/5774/products/vio-store-oil-painting-t-shirt-s-stylized-tree-5515443961899.jpg
stylized-tree,,,print amazing,,,,,Zip,,S,,,,,,50,deny,manual,45.95,79.95,,,,,,,https://cdn.shopify.com/s/files/1/2644/5774/products/vio-store-oil-painting-zip-s-stylized-tree-5515444781099.jpg
stylized-tree,,,print amazing,,,,,Zip,,M,,,,,,50,deny,manual,45.95,79.95,,,,,,,https://cdn.shopify.com/s/files/1/2644/5774/products/vio-store-oil-painting-zip-s-stylized-tree-5515444781099.jpg
stylized-tree,,,print amazing,,,,,Zip,,L,,,,,,50,deny,manual,45.95,79.95,,,,,,,https://cdn.shopify.com/s/files/1/2644/5774/products/vio-store-oil-painting-zip-s-stylized-tree-5515444781099.jpg
stylized-tree,,,print amazing,,,,,Zip,,XL,,,,,,50,deny,manual,45.95,79.95,,,,,,,https://cdn.shopify.com/s/files/1/2644/5774/products/vio-store-oil-painting-zip-s-stylized-tree-5515444781099.jpg
stylized-tree,,,print amazing,,,,,Zip,,XXL,,,,,,50,deny,manual,45.95,79.95,,,,,,,https://cdn.shopify.com/s/files/1/2644/5774/products/vio-store-oil-painting-zip-s-stylized-tree-5515444781099.jpg
stylized-tree,,,print amazing,,,,,Zip,,XXXL,,,,,,50,deny,manual,45.95,79.95,,,,,,,https://cdn.shopify.com/s/files/1/2644/5774/products/vio-store-oil-painting-zip-s-stylized-tree-5515444781099.jpg
stylized-tree,,,print amazing,,,,,Zip,,4XL,,,,,,50,deny,manual,45.95,79.95,,,,,,,https://cdn.shopify.com/s/files/1/2644/5774/products/vio-store-oil-painting-zip-s-stylized-tree-5515444781099.jpg
stylized-tree,,,print amazing,,,,,Zip,,5XL,,,,,,50,deny,manual,45.95,79.95,,,,,,,https://cdn.shopify.com/s/files/1/2644/5774/products/vio-store-oil-painting-zip-s-stylized-tree-5515444781099.jpg
stylized-tree,,,print amazing,,,,,Tank,,S,,,,,,50,deny,manual,26.95,39.95,,,,,,,https://cdn.shopify.com/s/files/1/2644/5774/products/vio-store-oil-painting-tank-s-stylized-tree-5515442978859.jpg
stylized-tree,,,print amazing,,,,,Tank,,M,,,,,,50,deny,manual,26.95,39.95,,,,,,,https://cdn.shopify.com/s/files/1/2644/5774/products/vio-store-oil-painting-tank-s-stylized-tree-5515442978859.jpg
stylized-tree,,,print amazing,,,,,Tank,,L,,,,,,50,deny,manual,26.95,39.95,,,,,,,https://cdn.shopify.com/s/files/1/2644/5774/products/vio-store-oil-painting-tank-s-stylized-tree-5515442978859.jpg
stylized-tree,,,print amazing,,,,,Tank,,XL,,,,,,50,deny,manual,26.95,39.95,,,,,,,https://cdn.shopify.com/s/files/1/2644/5774/products/vio-store-oil-painting-tank-s-stylized-tree-5515442978859.jpg
stylized-tree,,,print amazing,,,,,Tank,,XXL,,,,,,50,deny,manual,26.95,39.95,,,,,,,https://cdn.shopify.com/s/files/1/2644/5774/products/vio-store-oil-painting-tank-s-stylized-tree-5515442978859.jpg
stylized-tree,,,print amazing,,,,,Sweatshirt,,S,,,,,,50,deny,manual,36.95,74.95,,,,,,,https://cdn.shopify.com/s/files/1/2644/5774/products/vio-store-oil-painting-sweatshirt-s-stylized-tree-5515444191275.jpg
stylized-tree,,,print amazing,,,,,Sweatshirt,,M,,,,,,50,deny,manual,36.95,74.95,,,,,,,https://cdn.shopify.com/s/files/1/2644/5774/products/vio-store-oil-painting-sweatshirt-s-stylized-tree-5515444191275.jpg
stylized-tree,,,print amazing,,,,,Sweatshirt,,L,,,,,,50,deny,manual,36.95,74.95,,,,,,,https://cdn.shopify.com/s/files/1/2644/5774/products/vio-store-oil-painting-sweatshirt-s-stylized-tree-5515444191275.jpg
stylized-tree,,,print amazing,,,,,Sweatshirt,,XL,,,,,,50,deny,manual,36.95,74.95,,,,,,,https://cdn.shopify.com/s/files/1/2644/5774/products/vio-store-oil-painting-sweatshirt-s-stylized-tree-5515444191275.jpg
stylized-tree,,,print amazing,,,,,Sweatshirt,,XXL,,,,,,50,deny,manual,36.95,74.95,,,,,,,https://cdn.shopify.com/s/files/1/2644/5774/products/vio-store-oil-painting-sweatshirt-s-stylized-tree-5515444191275.jpg
stylized-tree,,,print amazing,,,,,Sweatshirt,,XXXL,,,,,,50,deny,manual,36.95,74.95,,,,,,,https://cdn.shopify.com/s/files/1/2644/5774/products/vio-store-oil-painting-sweatshirt-s-stylized-tree-5515444191275.jpg
stylized-tree,,,print amazing,,,,,Sweatshirt,,4XL,,,,,,50,deny,manual,36.95,74.95,,,,,,,https://cdn.shopify.com/s/files/1/2644/5774/products/vio-store-oil-painting-sweatshirt-s-stylized-tree-5515444191275.jpg
stylized-tree,,,print amazing,,,,,Sweatshirt,,5XL,,,,,,50,deny,manual,36.95,74.95,,,,,,,https://cdn.shopify.com/s/files/1/2644/5774/products/vio-store-oil-painting-sweatshirt-s-stylized-tree-5515444191275.jpg
stylized-tree,,,print amazing,,,,,Kid,,S,,,,,,50,deny,manual,24.95,35.95,,,,,,,https://cdn.shopify.com/s/files/1/2644/5774/products/vio-store-oil-painting-kid-s-stylized-tree-5515443175467.jpg
stylized-tree,,,print amazing,,,,,Kid,,M,,,,,,50,deny,manual,24.95,35.95,,,,,,,https://cdn.shopify.com/s/files/1/2644/5774/products/vio-store-oil-painting-kid-s-stylized-tree-5515443175467.jpg
stylized-tree,,,print amazing,,,,,Kid,,L,,,,,,50,deny,manual,24.95,35.95,,,,,,,https://cdn.shopify.com/s/files/1/2644/5774/products/vio-store-oil-painting-kid-s-stylized-tree-5515443175467.jpg
stylized-tree,,,print amazing,,,,,Kid,,XL,,,,,,50,deny,manual,24.95,35.95,,,,,,,https://cdn.shopify.com/s/files/1/2644/5774/products/vio-store-oil-painting-kid-s-stylized-tree-5515443175467.jpg
stylized-tree,,,print amazing,,,,,Kid,,XXL,,,,,,50,deny,manual,24.95,35.95,,,,,,,https://cdn.shopify.com/s/files/1/2644/5774/products/vio-store-oil-painting-kid-s-stylized-tree-5515443175467.jpg
colorful-spacecraft,Colorful Spacecraft,"<p><strong>COMFORT &amp; STYLE</strong></p>
<p>100% Premium Polyester. This fabric is incredibly strong and durable as well as resistant to wrinkles, shrinking, abrasion, and mildew. Machine washable and easy to care for.</p>
<p><strong>VIVID &amp; ORIGINAL 360 DESIGN</strong></p>
<p>High-definition sublimation printing technique covers the entire front, back... everything! Each fabric panel of the tank top is printed with the graphics before sewing to ensure the design is flawless and the construction is perfect.</p>
 <p><span style=""color: #ff0000;""><strong>NOTE:</strong> This is made in US/EU size. Please check our size chart carefully before checking out!</span></p>",print amazing,galaxy,"3d,clothing,cosmos,display-countdown,galaxy,hoodies,hoodies & sweatshirts,shirt,sizechart-us-eu-shirts,spacecraft,universe,view-size-chart,vio",TRUE,Type,Hoodie,Size,S,,,,,,50,deny,manual,41.95,79.95,,,,https://cdn.shopify.com/s/files/1/2644/5774/products/vio-store-galaxy-hoodie-s-colorful-spacecraft-5638286016555_2d0c773c-5300-483a-80c7-036bd51c04a7.jpg,1,Colorful Spacecraft Hoodie,https://cdn.shopify.com/s/files/1/2644/5774/products/vio-store-galaxy-hoodie-s-colorful-spacecraft-5638286016555_2d0c773c-5300-483a-80c7-036bd51c04a7.jpg
colorful-spacecraft,,,print amazing,,,,,Hoodie,,M,,,,,,50,deny,manual,41.95,79.95,,,,https://cdn.shopify.com/s/files/1/2644/5774/products/vio-store-galaxy-t-shirt-s-colorful-spacecraft-5638286213163_6e64f2f5-fe4b-4263-bd4d-44a1782da6b6.jpg,2,,https://cdn.shopify.com/s/files/1/2644/5774/products/vio-store-galaxy-hoodie-s-colorful-spacecraft-5638286016555_2d0c773c-5300-483a-80c7-036bd51c04a7.jpg
colorful-spacecraft,,,print amazing,,,,,Hoodie,,L,,,,,,50,deny,manual,41.95,79.95,,,,https://cdn.shopify.com/s/files/1/2644/5774/products/vio-store-galaxy-sweatshirt-s-colorful-spacecraft-5638286278699_5f9ca11f-3501-4369-9313-e9003c2d64e2.jpg,3,,https://cdn.shopify.com/s/files/1/2644/5774/products/vio-store-galaxy-hoodie-s-colorful-spacecraft-5638286016555_2d0c773c-5300-483a-80c7-036bd51c04a7.jpg
colorful-spacecraft,,,print amazing,,,,,Hoodie,,XL,,,,,,50,deny,manual,41.95,79.95,,,,https://cdn.shopify.com/s/files/1/2644/5774/products/vio-store-galaxy-zip-s-colorful-spacecraft-5638286475307_03c74ffd-e850-4843-8095-ef3e0fee577f.jpg,4,,https://cdn.shopify.com/s/files/1/2644/5774/products/vio-store-galaxy-hoodie-s-colorful-spacecraft-5638286016555_2d0c773c-5300-483a-80c7-036bd51c04a7.jpg
colorful-spacecraft,,,print amazing,,,,,Hoodie,,XXL,,,,,,50,deny,manual,41.95,79.95,,,,https://cdn.shopify.com/s/files/1/2644/5774/products/vio-store-galaxy-tank-s-colorful-spacecraft-5638285393963_6801b63b-6596-479a-b09c-1017036d88df.jpg,5,,https://cdn.shopify.com/s/files/1/2644/5774/products/vio-store-galaxy-hoodie-s-colorful-spacecraft-5638286016555_2d0c773c-5300-483a-80c7-036bd51c04a7.jpg
colorful-spacecraft,,,print amazing,,,,,Hoodie,,XXXL,,,,,,50,deny,manual,41.95,79.95,,,,https://cdn.shopify.com/s/files/1/2644/5774/products/vio-store-galaxy-kid-s-colorful-spacecraft-5638285983787_65a3983c-a482-4509-b0c8-20672cc28289.jpg,6,,https://cdn.shopify.com/s/files/1/2644/5774/products/vio-store-galaxy-hoodie-s-colorful-spacecraft-5638286016555_2d0c773c-5300-483a-80c7-036bd51c04a7.jpg
colorful-spacecraft,,,print amazing,,,,,Hoodie,,4XL,,,,,,50,deny,manual,41.95,79.95,,,,,,,https://cdn.shopify.com/s/files/1/2644/5774/products/vio-store-galaxy-hoodie-s-colorful-spacecraft-5638286016555_2d0c773c-5300-483a-80c7-036bd51c04a7.jpg
colorful-spacecraft,,,print amazing,,,,,Hoodie,,5XL,,,,,,50,deny,manual,41.95,79.95,,,,,,,https://cdn.shopify.com/s/files/1/2644/5774/products/vio-store-galaxy-hoodie-s-colorful-spacecraft-5638286016555_2d0c773c-5300-483a-80c7-036bd51c04a7.jpg
colorful-spacecraft,,,print amazing,,,,,T-Shirt,,S,,,,,,50,deny,manual,27.95,44.95,,,,,,,https://cdn.shopify.com/s/files/1/2644/5774/products/vio-store-galaxy-t-shirt-s-colorful-spacecraft-5638286213163_6e64f2f5-fe4b-4263-bd4d-44a1782da6b6.jpg
colorful-spacecraft,,,print amazing,,,,,T-Shirt,,M,,,,,,50,deny,manual,27.95,44.95,,,,,,,https://cdn.shopify.com/s/files/1/2644/5774/products/vio-store-galaxy-t-shirt-s-colorful-spacecraft-5638286213163_6e64f2f5-fe4b-4263-bd4d-44a1782da6b6.jpg
colorful-spacecraft,,,print amazing,,,,,T-Shirt,,L,,,,,,50,deny,manual,27.95,44.95,,,,,,,https://cdn.shopify.com/s/files/1/2644/5774/products/vio-store-galaxy-t-shirt-s-colorful-spacecraft-5638286213163_6e64f2f5-fe4b-4263-bd4d-44a1782da6b6.jpg
colorful-spacecraft,,,print amazing,,,,,T-Shirt,,XL,,,,,,50,deny,manual,27.95,44.95,,,,,,,https://cdn.shopify.com/s/files/1/2644/5774/products/vio-store-galaxy-t-shirt-s-colorful-spacecraft-5638286213163_6e64f2f5-fe4b-4263-bd4d-44a1782da6b6.jpg
colorful-spacecraft,,,print amazing,,,,,T-Shirt,,XXL,,,,,,50,deny,manual,27.95,44.95,,,,,,,https://cdn.shopify.com/s/files/1/2644/5774/products/vio-store-galaxy-t-shirt-s-colorful-spacecraft-5638286213163_6e64f2f5-fe4b-4263-bd4d-44a1782da6b6.jpg
colorful-spacecraft,,,print amazing,,,,,T-Shirt,,XXXL,,,,,,50,deny,manual,27.95,44.95,,,,,,,https://cdn.shopify.com/s/files/1/2644/5774/products/vio-store-galaxy-t-shirt-s-colorful-spacecraft-5638286213163_6e64f2f5-fe4b-4263-bd4d-44a1782da6b6.jpg
colorful-spacecraft,,,print amazing,,,,,T-Shirt,,4XL,,,,,,50,deny,manual,27.95,44.95,,,,,,,https://cdn.shopify.com/s/files/1/2644/5774/products/vio-store-galaxy-t-shirt-s-colorful-spacecraft-5638286213163_6e64f2f5-fe4b-4263-bd4d-44a1782da6b6.jpg
colorful-spacecraft,,,print amazing,,,,,T-Shirt,,5XL,,,,,,50,deny,manual,27.95,44.95,,,,,,,https://cdn.shopify.com/s/files/1/2644/5774/products/vio-store-galaxy-t-shirt-s-colorful-spacecraft-5638286213163_6e64f2f5-fe4b-4263-bd4d-44a1782da6b6.jpg
colorful-spacecraft,,,print amazing,,,,,Sweatshirt,,S,,,,,,50,deny,manual,36.95,69.95,,,,,,,https://cdn.shopify.com/s/files/1/2644/5774/products/vio-store-galaxy-sweatshirt-s-colorful-spacecraft-5638286278699_5f9ca11f-3501-4369-9313-e9003c2d64e2.jpg
colorful-spacecraft,,,print amazing,,,,,Sweatshirt,,M,,,,,,50,deny,manual,36.95,69.95,,,,,,,https://cdn.shopify.com/s/files/1/2644/5774/products/vio-store-galaxy-sweatshirt-s-colorful-spacecraft-5638286278699_5f9ca11f-3501-4369-9313-e9003c2d64e2.jpg
colorful-spacecraft,,,print amazing,,,,,Sweatshirt,,L,,,,,,50,deny,manual,36.95,69.95,,,,,,,https://cdn.shopify.com/s/files/1/2644/5774/products/vio-store-galaxy-sweatshirt-s-colorful-spacecraft-5638286278699_5f9ca11f-3501-4369-9313-e9003c2d64e2.jpg
colorful-spacecraft,,,print amazing,,,,,Sweatshirt,,XL,,,,,,50,deny,manual,36.95,69.95,,,,,,,https://cdn.shopify.com/s/files/1/2644/5774/products/vio-store-galaxy-sweatshirt-s-colorful-spacecraft-5638286278699_5f9ca11f-3501-4369-9313-e9003c2d64e2.jpg
colorful-spacecraft,,,print amazing,,,,,Sweatshirt,,XXL,,,,,,50,deny,manual,36.95,69.95,,,,,,,https://cdn.shopify.com/s/files/1/2644/5774/products/vio-store-galaxy-sweatshirt-s-colorful-spacecraft-5638286278699_5f9ca11f-3501-4369-9313-e9003c2d64e2.jpg
colorful-spacecraft,,,print amazing,,,,,Sweatshirt,,XXXL,,,,,,50,deny,manual,36.95,69.95,,,,,,,https://cdn.shopify.com/s/files/1/2644/5774/products/vio-store-galaxy-sweatshirt-s-colorful-spacecraft-5638286278699_5f9ca11f-3501-4369-9313-e9003c2d64e2.jpg
colorful-spacecraft,,,print amazing,,,,,Sweatshirt,,4XL,,,,,,50,deny,manual,36.95,69.95,,,,,,,https://cdn.shopify.com/s/files/1/2644/5774/products/vio-store-galaxy-sweatshirt-s-colorful-spacecraft-5638286278699_5f9ca11f-3501-4369-9313-e9003c2d64e2.jpg
colorful-spacecraft,,,print amazing,,,,,Sweatshirt,,5XL,,,,,,50,deny,manual,36.95,69.95,,,,,,,https://cdn.shopify.com/s/files/1/2644/5774/products/vio-store-galaxy-sweatshirt-s-colorful-spacecraft-5638286278699_5f9ca11f-3501-4369-9313-e9003c2d64e2.jpg
colorful-spacecraft,,,print amazing,,,,,Zip,,S,,,,,,50,deny,manual,45.95,79.95,,,,,,,https://cdn.shopify.com/s/files/1/2644/5774/products/vio-store-galaxy-zip-s-colorful-spacecraft-5638286475307_03c74ffd-e850-4843-8095-ef3e0fee577f.jpg
colorful-spacecraft,,,print amazing,,,,,Zip,,M,,,,,,50,deny,manual,45.95,79.95,,,,,,,https://cdn.shopify.com/s/files/1/2644/5774/products/vio-store-galaxy-zip-s-colorful-spacecraft-5638286475307_03c74ffd-e850-4843-8095-ef3e0fee577f.jpg
colorful-spacecraft,,,print amazing,,,,,Zip,,L,,,,,,50,deny,manual,45.95,79.95,,,,,,,https://cdn.shopify.com/s/files/1/2644/5774/products/vio-store-galaxy-zip-s-colorful-spacecraft-5638286475307_03c74ffd-e850-4843-8095-ef3e0fee577f.jpg
colorful-spacecraft,,,print amazing,,,,,Zip,,XL,,,,,,50,deny,manual,45.95,79.95,,,,,,,https://cdn.shopify.com/s/files/1/2644/5774/products/vio-store-galaxy-zip-s-colorful-spacecraft-5638286475307_03c74ffd-e850-4843-8095-ef3e0fee577f.jpg
colorful-spacecraft,,,print amazing,,,,,Zip,,XXL,,,,,,50,deny,manual,45.95,79.95,,,,,,,https://cdn.shopify.com/s/files/1/2644/5774/products/vio-store-galaxy-zip-s-colorful-spacecraft-5638286475307_03c74ffd-e850-4843-8095-ef3e0fee577f.jpg
colorful-spacecraft,,,print amazing,,,,,Zip,,XXXL,,,,,,50,deny,manual,45.95,79.95,,,,,,,https://cdn.shopify.com/s/files/1/2644/5774/products/vio-store-galaxy-zip-s-colorful-spacecraft-5638286475307_03c74ffd-e850-4843-8095-ef3e0fee577f.jpg
colorful-spacecraft,,,print amazing,,,,,Zip,,4XL,,,,,,50,deny,manual,45.95,79.95,,,,,,,https://cdn.shopify.com/s/files/1/2644/5774/products/vio-store-galaxy-zip-s-colorful-spacecraft-5638286475307_03c74ffd-e850-4843-8095-ef3e0fee577f.jpg
colorful-spacecraft,,,print amazing,,,,,Zip,,5XL,,,,,,50,deny,manual,45.95,79.95,,,,,,,https://cdn.shopify.com/s/files/1/2644/5774/products/vio-store-galaxy-zip-s-colorful-spacecraft-5638286475307_03c74ffd-e850-4843-8095-ef3e0fee577f.jpg
colorful-spacecraft,,,print amazing,,,,,Tank,,S,,,,,,50,deny,manual,26.95,39.95,,,,,,,https://cdn.shopify.com/s/files/1/2644/5774/products/vio-store-galaxy-tank-s-colorful-spacecraft-5638285393963_6801b63b-6596-479a-b09c-1017036d88df.jpg
colorful-spacecraft,,,print amazing,,,,,Tank,,M,,,,,,50,deny,manual,26.95,39.95,,,,,,,https://cdn.shopify.com/s/files/1/2644/5774/products/vio-store-galaxy-tank-s-colorful-spacecraft-5638285393963_6801b63b-6596-479a-b09c-1017036d88df.jpg
colorful-spacecraft,,,print amazing,,,,,Tank,,L,,,,,,50,deny,manual,26.95,39.95,,,,,,,https://cdn.shopify.com/s/files/1/2644/5774/products/vio-store-galaxy-tank-s-colorful-spacecraft-5638285393963_6801b63b-6596-479a-b09c-1017036d88df.jpg
colorful-spacecraft,,,print amazing,,,,,Tank,,XL,,,,,,50,deny,manual,26.95,39.95,,,,,,,https://cdn.shopify.com/s/files/1/2644/5774/products/vio-store-galaxy-tank-s-colorful-spacecraft-5638285393963_6801b63b-6596-479a-b09c-1017036d88df.jpg
colorful-spacecraft,,,print amazing,,,,,Tank,,XXL,,,,,,50,deny,manual,26.95,39.95,,,,,,,https://cdn.shopify.com/s/files/1/2644/5774/products/vio-store-galaxy-tank-s-colorful-spacecraft-5638285393963_6801b63b-6596-479a-b09c-1017036d88df.jpg
colorful-spacecraft,,,print amazing,,,,,Kid,,S,,,,,,50,deny,manual,24.95,35.95,,,,,,,https://cdn.shopify.com/s/files/1/2644/5774/products/vio-store-galaxy-kid-s-colorful-spacecraft-5638285983787_65a3983c-a482-4509-b0c8-20672cc28289.jpg
colorful-spacecraft,,,print amazing,,,,,Kid,,M,,,,,,50,deny,manual,24.95,35.95,,,,,,,https://cdn.shopify.com/s/files/1/2644/5774/products/vio-store-galaxy-kid-s-colorful-spacecraft-5638285983787_65a3983c-a482-4509-b0c8-20672cc28289.jpg
colorful-spacecraft,,,print amazing,,,,,Kid,,L,,,,,,50,deny,manual,24.95,35.95,,,,,,,https://cdn.shopify.com/s/files/1/2644/5774/products/vio-store-galaxy-kid-s-colorful-spacecraft-5638285983787_65a3983c-a482-4509-b0c8-20672cc28289.jpg
colorful-spacecraft,,,print amazing,,,,,Kid,,XL,,,,,,50,deny,manual,24.95,35.95,,,,,,,https://cdn.shopify.com/s/files/1/2644/5774/products/vio-store-galaxy-kid-s-colorful-spacecraft-5638285983787_65a3983c-a482-4509-b0c8-20672cc28289.jpg
colorful-spacecraft,,,print amazing,,,,,Kid,,XXL,,,,,,50,deny,manual,24.95,35.95,,,,,,,https://cdn.shopify.com/s/files/1/2644/5774/products/vio-store-galaxy-kid-s-colorful-spacecraft-5638285983787_65a3983c-a482-4509-b0c8-20672cc28289.jpg
anime-pokemon-wicked-dream-3d-all-over-print-tshirt-hoodie-sweater-tank,Wicked Dream,"<p><strong>Anime Pokemon Wicked Dream 3d All Over Print Tshirt Hoodie Sweater Tank</strong></p>
<p><strong>COMFORT &amp; STYLE</strong></p>
<p>100% Premium Polyester. This fabric is incredibly strong and durable as well as resistant to wrinkles, shrinking, abrasion, and mildew. Machine washable and easy to care for.</p>
<p><strong>VIVID &amp; ORIGINAL 360 DESIGN</strong></p>
<p>High-definition sublimation printing technique covers the entire front, back... everything! Each fabric panel of the tank top is printed with the graphics before sewing to ensure the design is flawless and the construction is perfect.</p>
<p><span style=""color: #ff0000;""><strong>NOTE:</strong> This is made in US/EU size. Please check our size chart carefully before checking out!</span></p>",print amazing,Pokemon,"3d,anime,art,black,black and white,Charmander-The Stray Pokemon Here Comes The Squirtle Squad Island Of Giant Pokemon Abra And The Psychic Showdown Dotto’s Mysterious Mansion Bulbasaur's Mysterious Garden Pikachu's Goodbye Beach Blank-Out Blastoise Go West,clothing,color,display-countdown,gallery,game,hoodies,hoodies & sweatshirts,nintendo,pokemon,shirt,sizechart-us-eu-shirts,Video Game,view-size-chart,vio,white,Young Meowth A Friend In Deed Satoshi Professor Oak Bulbasaur Charmander Squirtle Misty Brock Team Rocket Pikachu Onix Goldeen Squirtle Eevee Chikorita Totodile Litten",TRUE,Type,Hoodie,Size,S,,,,,,50,deny,manual,41.95,79.95,,,,https://cdn.shopify.com/s/files/1/2644/5774/products/VIO-ST23330-LSM_70ac8e3e-4c81-4e78-8db4-d1aa63c453a7.jpg,1,Wicked Dream Hoodie,https://cdn.shopify.com/s/files/1/2644/5774/products/VIO-ST23330-LSM_70ac8e3e-4c81-4e78-8db4-d1aa63c453a7.jpg
anime-pokemon-wicked-dream-3d-all-over-print-tshirt-hoodie-sweater-tank,,,print amazing,,,,,Hoodie,,M,,,,,,50,deny,manual,41.95,79.95,,,,https://cdn.shopify.com/s/files/1/2644/5774/products/VIO-ST23330-TX_696c0637-24e5-439e-a31a-5208b1ba74fc.jpg,2,,https://cdn.shopify.com/s/files/1/2644/5774/products/VIO-ST23330-LSM_70ac8e3e-4c81-4e78-8db4-d1aa63c453a7.jpg
anime-pokemon-wicked-dream-3d-all-over-print-tshirt-hoodie-sweater-tank,,,print amazing,,,,,Hoodie,,L,,,,,,50,deny,manual,41.95,79.95,,,,https://cdn.shopify.com/s/files/1/2644/5774/products/VIO-ST23330-WY_226ba817-1d9e-48be-8c88-f1f5daf6143f.jpg,3,,https://cdn.shopify.com/s/files/1/2644/5774/products/VIO-ST23330-LSM_70ac8e3e-4c81-4e78-8db4-d1aa63c453a7.jpg
anime-pokemon-wicked-dream-3d-all-over-print-tshirt-hoodie-sweater-tank,,,print amazing,,,,,Hoodie,,XL,,,,,,50,deny,manual,41.95,79.95,,,,https://cdn.shopify.com/s/files/1/2644/5774/products/VIO-ST23330-ZIP_b81dae3d-5d82-4672-9d79-76237e41fbca.jpg,4,,https://cdn.shopify.com/s/files/1/2644/5774/products/VIO-ST23330-LSM_70ac8e3e-4c81-4e78-8db4-d1aa63c453a7.jpg
anime-pokemon-wicked-dream-3d-all-over-print-tshirt-hoodie-sweater-tank,,,print amazing,,,,,Hoodie,,XXL,,,,,,50,deny,manual,41.95,79.95,,,,https://cdn.shopify.com/s/files/1/2644/5774/products/VIO-ST23330-BX_ba258561-ffcc-400b-9dcd-ca2b28d36b9b.jpg,5,,https://cdn.shopify.com/s/files/1/2644/5774/products/VIO-ST23330-LSM_70ac8e3e-4c81-4e78-8db4-d1aa63c453a7.jpg
anime-pokemon-wicked-dream-3d-all-over-print-tshirt-hoodie-sweater-tank,,,print amazing,,,,,Hoodie,,XXXL,,,,,,50,deny,manual,41.95,79.95,,,,https://cdn.shopify.com/s/files/1/2644/5774/products/VIO-ST23330-KID_c3f6b8b6-aee2-4314-91e6-4e81fe730d1e.jpg,6,,https://cdn.shopify.com/s/files/1/2644/5774/products/VIO-ST23330-LSM_70ac8e3e-4c81-4e78-8db4-d1aa63c453a7.jpg
anime-pokemon-wicked-dream-3d-all-over-print-tshirt-hoodie-sweater-tank,,,print amazing,,,,,Hoodie,,4XL,,,,,,50,deny,manual,41.95,79.95,,,,,,,https://cdn.shopify.com/s/files/1/2644/5774/products/VIO-ST23330-LSM_70ac8e3e-4c81-4e78-8db4-d1aa63c453a7.jpg
anime-pokemon-wicked-dream-3d-all-over-print-tshirt-hoodie-sweater-tank,,,print amazing,,,,,Hoodie,,5XL,,,,,,50,deny,manual,41.95,79.95,,,,,,,https://cdn.shopify.com/s/files/1/2644/5774/products/VIO-ST23330-LSM_70ac8e3e-4c81-4e78-8db4-d1aa63c453a7.jpg
anime-pokemon-wicked-dream-3d-all-over-print-tshirt-hoodie-sweater-tank,,,print amazing,,,,,T-Shirt,,S,,,,,,50,deny,manual,27.95,44.95,,,,,,,https://cdn.shopify.com/s/files/1/2644/5774/products/VIO-ST23330-TX_696c0637-24e5-439e-a31a-5208b1ba74fc.jpg
anime-pokemon-wicked-dream-3d-all-over-print-tshirt-hoodie-sweater-tank,,,print amazing,,,,,T-Shirt,,M,,,,,,50,deny,manual,27.95,44.95,,,,,,,https://cdn.shopify.com/s/files/1/2644/5774/products/VIO-ST23330-TX_696c0637-24e5-439e-a31a-5208b1ba74fc.jpg
anime-pokemon-wicked-dream-3d-all-over-print-tshirt-hoodie-sweater-tank,,,print amazing,,,,,T-Shirt,,L,,,,,,50,deny,manual,27.95,44.95,,,,,,,https://cdn.shopify.com/s/files/1/2644/5774/products/VIO-ST23330-TX_696c0637-24e5-439e-a31a-5208b1ba74fc.jpg
anime-pokemon-wicked-dream-3d-all-over-print-tshirt-hoodie-sweater-tank,,,print amazing,,,,,T-Shirt,,XL,,,,,,50,deny,manual,27.95,44.95,,,,,,,https://cdn.shopify.com/s/files/1/2644/5774/products/VIO-ST23330-TX_696c0637-24e5-439e-a31a-5208b1ba74fc.jpg
anime-pokemon-wicked-dream-3d-all-over-print-tshirt-hoodie-sweater-tank,,,print amazing,,,,,T-Shirt,,XXL,,,,,,50,deny,manual,27.95,44.95,,,,,,,https://cdn.shopify.com/s/files/1/2644/5774/products/VIO-ST23330-TX_696c0637-24e5-439e-a31a-5208b1ba74fc.jpg
anime-pokemon-wicked-dream-3d-all-over-print-tshirt-hoodie-sweater-tank,,,print amazing,,,,,T-Shirt,,XXXL,,,,,,50,deny,manual,27.95,44.95,,,,,,,https://cdn.shopify.com/s/files/1/2644/5774/products/VIO-ST23330-TX_696c0637-24e5-439e-a31a-5208b1ba74fc.jpg
anime-pokemon-wicked-dream-3d-all-over-print-tshirt-hoodie-sweater-tank,,,print amazing,,,,,T-Shirt,,4XL,,,,,,50,deny,manual,27.95,44.95,,,,,,,https://cdn.shopify.com/s/files/1/2644/5774/products/VIO-ST23330-TX_696c0637-24e5-439e-a31a-5208b1ba74fc.jpg
anime-pokemon-wicked-dream-3d-all-over-print-tshirt-hoodie-sweater-tank,,,print amazing,,,,,T-Shirt,,5XL,,,,,,50,deny,manual,27.95,44.95,,,,,,,https://cdn.shopify.com/s/files/1/2644/5774/products/VIO-ST23330-TX_696c0637-24e5-439e-a31a-5208b1ba74fc.jpg
anime-pokemon-wicked-dream-3d-all-over-print-tshirt-hoodie-sweater-tank,,,print amazing,,,,,Sweatshirt,,S,,,,,,50,deny,manual,36.95,69.95,,,,,,,https://cdn.shopify.com/s/files/1/2644/5774/products/VIO-ST23330-WY_226ba817-1d9e-48be-8c88-f1f5daf6143f.jpg
anime-pokemon-wicked-dream-3d-all-over-print-tshirt-hoodie-sweater-tank,,,print amazing,,,,,Sweatshirt,,M,,,,,,50,deny,manual,36.95,69.95,,,,,,,https://cdn.shopify.com/s/files/1/2644/5774/products/VIO-ST23330-WY_226ba817-1d9e-48be-8c88-f1f5daf6143f.jpg
anime-pokemon-wicked-dream-3d-all-over-print-tshirt-hoodie-sweater-tank,,,print amazing,,,,,Sweatshirt,,L,,,,,,50,deny,manual,36.95,69.95,,,,,,,https://cdn.shopify.com/s/files/1/2644/5774/products/VIO-ST23330-WY_226ba817-1d9e-48be-8c88-f1f5daf6143f.jpg
anime-pokemon-wicked-dream-3d-all-over-print-tshirt-hoodie-sweater-tank,,,print amazing,,,,,Sweatshirt,,XL,,,,,,50,deny,manual,36.95,69.95,,,,,,,https://cdn.shopify.com/s/files/1/2644/5774/products/VIO-ST23330-WY_226ba817-1d9e-48be-8c88-f1f5daf6143f.jpg
anime-pokemon-wicked-dream-3d-all-over-print-tshirt-hoodie-sweater-tank,,,print amazing,,,,,Sweatshirt,,XXL,,,,,,50,deny,manual,36.95,69.95,,,,,,,https://cdn.shopify.com/s/files/1/2644/5774/products/VIO-ST23330-WY_226ba817-1d9e-48be-8c88-f1f5daf6143f.jpg
anime-pokemon-wicked-dream-3d-all-over-print-tshirt-hoodie-sweater-tank,,,print amazing,,,,,Sweatshirt,,XXXL,,,,,,50,deny,manual,36.95,69.95,,,,,,,https://cdn.shopify.com/s/files/1/2644/5774/products/VIO-ST23330-WY_226ba817-1d9e-48be-8c88-f1f5daf6143f.jpg
anime-pokemon-wicked-dream-3d-all-over-print-tshirt-hoodie-sweater-tank,,,print amazing,,,,,Sweatshirt,,4XL,,,,,,50,deny,manual,36.95,69.95,,,,,,,https://cdn.shopify.com/s/files/1/2644/5774/products/VIO-ST23330-WY_226ba817-1d9e-48be-8c88-f1f5daf6143f.jpg
anime-pokemon-wicked-dream-3d-all-over-print-tshirt-hoodie-sweater-tank,,,print amazing,,,,,Sweatshirt,,5XL,,,,,,50,deny,manual,36.95,69.95,,,,,,,https://cdn.shopify.com/s/files/1/2644/5774/products/VIO-ST23330-WY_226ba817-1d9e-48be-8c88-f1f5daf6143f.jpg
anime-pokemon-wicked-dream-3d-all-over-print-tshirt-hoodie-sweater-tank,,,print amazing,,,,,Zip,,S,,,,,,50,deny,manual,45.95,79.95,,,,,,,https://cdn.shopify.com/s/files/1/2644/5774/products/VIO-ST23330-ZIP_b81dae3d-5d82-4672-9d79-76237e41fbca.jpg
anime-pokemon-wicked-dream-3d-all-over-print-tshirt-hoodie-sweater-tank,,,print amazing,,,,,Zip,,M,,,,,,50,deny,manual,45.95,79.95,,,,,,,https://cdn.shopify.com/s/files/1/2644/5774/products/VIO-ST23330-ZIP_b81dae3d-5d82-4672-9d79-76237e41fbca.jpg
anime-pokemon-wicked-dream-3d-all-over-print-tshirt-hoodie-sweater-tank,,,print amazing,,,,,Zip,,L,,,,,,50,deny,manual,45.95,79.95,,,,,,,https://cdn.shopify.com/s/files/1/2644/5774/products/VIO-ST23330-ZIP_b81dae3d-5d82-4672-9d79-76237e41fbca.jpg
anime-pokemon-wicked-dream-3d-all-over-print-tshirt-hoodie-sweater-tank,,,print amazing,,,,,Zip,,XL,,,,,,50,deny,manual,45.95,79.95,,,,,,,https://cdn.shopify.com/s/files/1/2644/5774/products/VIO-ST23330-ZIP_b81dae3d-5d82-4672-9d79-76237e41fbca.jpg
anime-pokemon-wicked-dream-3d-all-over-print-tshirt-hoodie-sweater-tank,,,print amazing,,,,,Zip,,XXL,,,,,,50,deny,manual,45.95,79.95,,,,,,,https://cdn.shopify.com/s/files/1/2644/5774/products/VIO-ST23330-ZIP_b81dae3d-5d82-4672-9d79-76237e41fbca.jpg
anime-pokemon-wicked-dream-3d-all-over-print-tshirt-hoodie-sweater-tank,,,print amazing,,,,,Zip,,XXXL,,,,,,50,deny,manual,45.95,79.95,,,,,,,https://cdn.shopify.com/s/files/1/2644/5774/products/VIO-ST23330-ZIP_b81dae3d-5d82-4672-9d79-76237e41fbca.jpg
anime-pokemon-wicked-dream-3d-all-over-print-tshirt-hoodie-sweater-tank,,,print amazing,,,,,Zip,,4XL,,,,,,50,deny,manual,45.95,79.95,,,,,,,https://cdn.shopify.com/s/files/1/2644/5774/products/VIO-ST23330-ZIP_b81dae3d-5d82-4672-9d79-76237e41fbca.jpg
anime-pokemon-wicked-dream-3d-all-over-print-tshirt-hoodie-sweater-tank,,,print amazing,,,,,Zip,,5XL,,,,,,50,deny,manual,45.95,79.95,,,,,,,https://cdn.shopify.com/s/files/1/2644/5774/products/VIO-ST23330-ZIP_b81dae3d-5d82-4672-9d79-76237e41fbca.jpg
anime-pokemon-wicked-dream-3d-all-over-print-tshirt-hoodie-sweater-tank,,,print amazing,,,,,Tank,,S,,,,,,50,deny,manual,26.95,39.95,,,,,,,https://cdn.shopify.com/s/files/1/2644/5774/products/VIO-ST23330-BX_ba258561-ffcc-400b-9dcd-ca2b28d36b9b.jpg
anime-pokemon-wicked-dream-3d-all-over-print-tshirt-hoodie-sweater-tank,,,print amazing,,,,,Tank,,M,,,,,,50,deny,manual,26.95,39.95,,,,,,,https://cdn.shopify.com/s/files/1/2644/5774/products/VIO-ST23330-BX_ba258561-ffcc-400b-9dcd-ca2b28d36b9b.jpg
anime-pokemon-wicked-dream-3d-all-over-print-tshirt-hoodie-sweater-tank,,,print amazing,,,,,Tank,,L,,,,,,50,deny,manual,26.95,39.95,,,,,,,https://cdn.shopify.com/s/files/1/2644/5774/products/VIO-ST23330-BX_ba258561-ffcc-400b-9dcd-ca2b28d36b9b.jpg
anime-pokemon-wicked-dream-3d-all-over-print-tshirt-hoodie-sweater-tank,,,print amazing,,,,,Tank,,XL,,,,,,50,deny,manual,26.95,39.95,,,,,,,https://cdn.shopify.com/s/files/1/2644/5774/products/VIO-ST23330-BX_ba258561-ffcc-400b-9dcd-ca2b28d36b9b.jpg
anime-pokemon-wicked-dream-3d-all-over-print-tshirt-hoodie-sweater-tank,,,print amazing,,,,,Tank,,XXL,,,,,,50,deny,manual,26.95,39.95,,,,,,,https://cdn.shopify.com/s/files/1/2644/5774/products/VIO-ST23330-BX_ba258561-ffcc-400b-9dcd-ca2b28d36b9b.jpg
anime-pokemon-wicked-dream-3d-all-over-print-tshirt-hoodie-sweater-tank,,,print amazing,,,,,Kid,,S,,,,,,50,deny,manual,24.95,35.95,,,,,,,https://cdn.shopify.com/s/files/1/2644/5774/products/VIO-ST23330-KID_c3f6b8b6-aee2-4314-91e6-4e81fe730d1e.jpg
anime-pokemon-wicked-dream-3d-all-over-print-tshirt-hoodie-sweater-tank,,,print amazing,,,,,Kid,,M,,,,,,50,deny,manual,24.95,35.95,,,,,,,https://cdn.shopify.com/s/files/1/2644/5774/products/VIO-ST23330-KID_c3f6b8b6-aee2-4314-91e6-4e81fe730d1e.jpg
anime-pokemon-wicked-dream-3d-all-over-print-tshirt-hoodie-sweater-tank,,,print amazing,,,,,Kid,,L,,,,,,50,deny,manual,24.95,35.95,,,,,,,https://cdn.shopify.com/s/files/1/2644/5774/products/VIO-ST23330-KID_c3f6b8b6-aee2-4314-91e6-4e81fe730d1e.jpg
anime-pokemon-wicked-dream-3d-all-over-print-tshirt-hoodie-sweater-tank,,,print amazing,,,,,Kid,,XL,,,,,,50,deny,manual,24.95,35.95,,,,,,,https://cdn.shopify.com/s/files/1/2644/5774/products/VIO-ST23330-KID_c3f6b8b6-aee2-4314-91e6-4e81fe730d1e.jpg
anime-pokemon-wicked-dream-3d-all-over-print-tshirt-hoodie-sweater-tank,,,print amazing,,,,,Kid,,XXL,,,,,,50,deny,manual,24.95,35.95,,,,,,,https://cdn.shopify.com/s/files/1/2644/5774/products/VIO-ST23330-KID_c3f6b8b6-aee2-4314-91e6-4e81fe730d1e.jpg
planet-covered-in-water-pluto,The Planet Covered In Water,"<p><strong>COMFORT &amp; STYLE</strong></p>
<p>100% Premium Polyester. This fabric is incredibly strong and durable as well as resistant to wrinkles, shrinking, abrasion, and mildew. Machine washable and easy to care for.</p>
<p><strong>VIVID &amp; ORIGINAL 360 DESIGN</strong></p>
<p>High-definition sublimation printing technique covers the entire front, back... everything! Each fabric panel of the tank top is printed with the graphics before sewing to ensure the design is flawless and the construction is perfect.</p>
 <p><span style=""color: #ff0000;""><strong>NOTE:</strong> This is made in US/EU size. Please check our size chart carefully before checking out!</span></p>",print amazing,Landscape,"3d,clothing,display-countdown,hoodies,hoodies & sweatshirts,landscape,landscapes,planet,shirt,sizechart-us-eu-shirts,view-size-chart,vio,water",TRUE,Type,Hoodie,Size,S,,,,,,50,deny,manual,41.95,79.95,,,,https://cdn.shopify.com/s/files/1/2644/5774/products/vio-store-landscape-hoodie-s-the-planet-covered-in-water-5509282627627_3a8da0cb-ae74-402a-ada0-2e45792544fb.jpg,1,The Planet Covered In Water Hoodie,https://cdn.shopify.com/s/files/1/2644/5774/products/vio-store-landscape-hoodie-s-the-planet-covered-in-water-5509282627627_3a8da0cb-ae74-402a-ada0-2e45792544fb.jpg
planet-covered-in-water-pluto,,,print amazing,,,,,Hoodie,,M,,,,,,50,deny,manual,41.95,79.95,,,,https://cdn.shopify.com/s/files/1/2644/5774/products/vio-store-landscape-t-shirt-s-the-planet-covered-in-water-5509282693163_6dac3000-c1d2-4d68-a88b-4bbd52e7b15b.jpg,2,,https://cdn.shopify.com/s/files/1/2644/5774/products/vio-store-landscape-hoodie-s-the-planet-covered-in-water-5509282627627_3a8da0cb-ae74-402a-ada0-2e45792544fb.jpg
planet-covered-in-water-pluto,,,print amazing,,,,,Hoodie,,L,,,,,,50,deny,manual,41.95,79.95,,,,https://cdn.shopify.com/s/files/1/2644/5774/products/vio-store-landscape-sweatshirt-s-the-planet-covered-in-water-5509282824235_9aad4713-ef5b-43fb-a066-d55d679c2d3d.jpg,3,,https://cdn.shopify.com/s/files/1/2644/5774/products/vio-store-landscape-hoodie-s-the-planet-covered-in-water-5509282627627_3a8da0cb-ae74-402a-ada0-2e45792544fb.jpg
planet-covered-in-water-pluto,,,print amazing,,,,,Hoodie,,XL,,,,,,50,deny,manual,41.95,79.95,,,,https://cdn.shopify.com/s/files/1/2644/5774/products/vio-store-landscape-zip-s-the-planet-covered-in-water-5509282922539_1a89ed70-d93f-4e4f-9717-773d67390c67.jpg,4,,https://cdn.shopify.com/s/files/1/2644/5774/products/vio-store-landscape-hoodie-s-the-planet-covered-in-water-5509282627627_3a8da0cb-ae74-402a-ada0-2e45792544fb.jpg
planet-covered-in-water-pluto,,,print amazing,,,,,Hoodie,,XXL,,,,,,50,deny,manual,41.95,79.95,,,,https://cdn.shopify.com/s/files/1/2644/5774/products/vio-store-landscape-tank-s-the-planet-covered-in-water-5509282234411_f60b0154-8093-4bc9-a3f3-189e0dc5116f.jpg,5,,https://cdn.shopify.com/s/files/1/2644/5774/products/vio-store-landscape-hoodie-s-the-planet-covered-in-water-5509282627627_3a8da0cb-ae74-402a-ada0-2e45792544fb.jpg
planet-covered-in-water-pluto,,,print amazing,,,,,Hoodie,,XXXL,,,,,,50,deny,manual,41.95,79.95,,,,https://cdn.shopify.com/s/files/1/2644/5774/products/vio-store-landscape-kid-s-the-planet-covered-in-water-5509282332715_8f43793a-82dc-48fe-b964-a7bbfc1ad8cc.jpg,6,,https://cdn.shopify.com/s/files/1/2644/5774/products/vio-store-landscape-hoodie-s-the-planet-covered-in-water-5509282627627_3a8da0cb-ae74-402a-ada0-2e45792544fb.jpg
planet-covered-in-water-pluto,,,print amazing,,,,,Hoodie,,4XL,,,,,,50,deny,manual,41.95,79.95,,,,,,,https://cdn.shopify.com/s/files/1/2644/5774/products/vio-store-landscape-hoodie-s-the-planet-covered-in-water-5509282627627_3a8da0cb-ae74-402a-ada0-2e45792544fb.jpg
planet-covered-in-water-pluto,,,print amazing,,,,,Hoodie,,5XL,,,,,,50,deny,manual,41.95,79.95,,,,,,,https://cdn.shopify.com/s/files/1/2644/5774/products/vio-store-landscape-hoodie-s-the-planet-covered-in-water-5509282627627_3a8da0cb-ae74-402a-ada0-2e45792544fb.jpg
planet-covered-in-water-pluto,,,print amazing,,,,,T-Shirt,,S,,,,,,50,deny,manual,27.95,44.95,,,,,,,https://cdn.shopify.com/s/files/1/2644/5774/products/vio-store-landscape-t-shirt-s-the-planet-covered-in-water-5509282693163_6dac3000-c1d2-4d68-a88b-4bbd52e7b15b.jpg
planet-covered-in-water-pluto,,,print amazing,,,,,T-Shirt,,M,,,,,,50,deny,manual,27.95,44.95,,,,,,,https://cdn.shopify.com/s/files/1/2644/5774/products/vio-store-landscape-t-shirt-s-the-planet-covered-in-water-5509282693163_6dac3000-c1d2-4d68-a88b-4bbd52e7b15b.jpg
planet-covered-in-water-pluto,,,print amazing,,,,,T-Shirt,,L,,,,,,50,deny,manual,27.95,44.95,,,,,,,https://cdn.shopify.com/s/files/1/2644/5774/products/vio-store-landscape-t-shirt-s-the-planet-covered-in-water-5509282693163_6dac3000-c1d2-4d68-a88b-4bbd52e7b15b.jpg
planet-covered-in-water-pluto,,,print amazing,,,,,T-Shirt,,XL,,,,,,50,deny,manual,27.95,44.95,,,,,,,https://cdn.shopify.com/s/files/1/2644/5774/products/vio-store-landscape-t-shirt-s-the-planet-covered-in-water-5509282693163_6dac3000-c1d2-4d68-a88b-4bbd52e7b15b.jpg
planet-covered-in-water-pluto,,,print amazing,,,,,T-Shirt,,XXL,,,,,,50,deny,manual,27.95,44.95,,,,,,,https://cdn.shopify.com/s/files/1/2644/5774/products/vio-store-landscape-t-shirt-s-the-planet-covered-in-water-5509282693163_6dac3000-c1d2-4d68-a88b-4bbd52e7b15b.jpg
planet-covered-in-water-pluto,,,print amazing,,,,,T-Shirt,,XXXL,,,,,,50,deny,manual,27.95,44.95,,,,,,,https://cdn.shopify.com/s/files/1/2644/5774/products/vio-store-landscape-t-shirt-s-the-planet-covered-in-water-5509282693163_6dac3000-c1d2-4d68-a88b-4bbd52e7b15b.jpg
planet-covered-in-water-pluto,,,print amazing,,,,,T-Shirt,,4XL,,,,,,50,deny,manual,27.95,44.95,,,,,,,https://cdn.shopify.com/s/files/1/2644/5774/products/vio-store-landscape-t-shirt-s-the-planet-covered-in-water-5509282693163_6dac3000-c1d2-4d68-a88b-4bbd52e7b15b.jpg
planet-covered-in-water-pluto,,,print amazing,,,,,T-Shirt,,5XL,,,,,,50,deny,manual,27.95,44.95,,,,,,,https://cdn.shopify.com/s/files/1/2644/5774/products/vio-store-landscape-t-shirt-s-the-planet-covered-in-water-5509282693163_6dac3000-c1d2-4d68-a88b-4bbd52e7b15b.jpg
planet-covered-in-water-pluto,,,print amazing,,,,,Sweatshirt,,S,,,,,,50,deny,manual,36.95,69.95,,,,,,,https://cdn.shopify.com/s/files/1/2644/5774/products/vio-store-landscape-sweatshirt-s-the-planet-covered-in-water-5509282824235_9aad4713-ef5b-43fb-a066-d55d679c2d3d.jpg
planet-covered-in-water-pluto,,,print amazing,,,,,Sweatshirt,,M,,,,,,50,deny,manual,36.95,69.95,,,,,,,https://cdn.shopify.com/s/files/1/2644/5774/products/vio-store-landscape-sweatshirt-s-the-planet-covered-in-water-5509282824235_9aad4713-ef5b-43fb-a066-d55d679c2d3d.jpg
planet-covered-in-water-pluto,,,print amazing,,,,,Sweatshirt,,L,,,,,,50,deny,manual,36.95,69.95,,,,,,,https://cdn.shopify.com/s/files/1/2644/5774/products/vio-store-landscape-sweatshirt-s-the-planet-covered-in-water-5509282824235_9aad4713-ef5b-43fb-a066-d55d679c2d3d.jpg
planet-covered-in-water-pluto,,,print amazing,,,,,Sweatshirt,,XL,,,,,,50,deny,manual,36.95,69.95,,,,,,,https://cdn.shopify.com/s/files/1/2644/5774/products/vio-store-landscape-sweatshirt-s-the-planet-covered-in-water-5509282824235_9aad4713-ef5b-43fb-a066-d55d679c2d3d.jpg
planet-covered-in-water-pluto,,,print amazing,,,,,Sweatshirt,,XXL,,,,,,50,deny,manual,36.95,69.95,,,,,,,https://cdn.shopify.com/s/files/1/2644/5774/products/vio-store-landscape-sweatshirt-s-the-planet-covered-in-water-5509282824235_9aad4713-ef5b-43fb-a066-d55d679c2d3d.jpg
planet-covered-in-water-pluto,,,print amazing,,,,,Sweatshirt,,XXXL,,,,,,50,deny,manual,36.95,69.95,,,,,,,https://cdn.shopify.com/s/files/1/2644/5774/products/vio-store-landscape-sweatshirt-s-the-planet-covered-in-water-5509282824235_9aad4713-ef5b-43fb-a066-d55d679c2d3d.jpg
planet-covered-in-water-pluto,,,print amazing,,,,,Sweatshirt,,4XL,,,,,,50,deny,manual,36.95,69.95,,,,,,,https://cdn.shopify.com/s/files/1/2644/5774/products/vio-store-landscape-sweatshirt-s-the-planet-covered-in-water-5509282824235_9aad4713-ef5b-43fb-a066-d55d679c2d3d.jpg
planet-covered-in-water-pluto,,,print amazing,,,,,Sweatshirt,,5XL,,,,,,50,deny,manual,36.95,69.95,,,,,,,https://cdn.shopify.com/s/files/1/2644/5774/products/vio-store-landscape-sweatshirt-s-the-planet-covered-in-water-5509282824235_9aad4713-ef5b-43fb-a066-d55d679c2d3d.jpg
planet-covered-in-water-pluto,,,print amazing,,,,,Zip,,S,,,,,,50,deny,manual,45.95,79.95,,,,,,,https://cdn.shopify.com/s/files/1/2644/5774/products/vio-store-landscape-zip-s-the-planet-covered-in-water-5509282922539_1a89ed70-d93f-4e4f-9717-773d67390c67.jpg
planet-covered-in-water-pluto,,,print amazing,,,,,Zip,,M,,,,,,50,deny,manual,45.95,79.95,,,,,,,https://cdn.shopify.com/s/files/1/2644/5774/products/vio-store-landscape-zip-s-the-planet-covered-in-water-5509282922539_1a89ed70-d93f-4e4f-9717-773d67390c67.jpg
planet-covered-in-water-pluto,,,print amazing,,,,,Zip,,L,,,,,,50,deny,manual,45.95,79.95,,,,,,,https://cdn.shopify.com/s/files/1/2644/5774/products/vio-store-landscape-zip-s-the-planet-covered-in-water-5509282922539_1a89ed70-d93f-4e4f-9717-773d67390c67.jpg
planet-covered-in-water-pluto,,,print amazing,,,,,Zip,,XL,,,,,,50,deny,manual,45.95,79.95,,,,,,,https://cdn.shopify.com/s/files/1/2644/5774/products/vio-store-landscape-zip-s-the-planet-covered-in-water-5509282922539_1a89ed70-d93f-4e4f-9717-773d67390c67.jpg
planet-covered-in-water-pluto,,,print amazing,,,,,Zip,,XXL,,,,,,50,deny,manual,45.95,79.95,,,,,,,https://cdn.shopify.com/s/files/1/2644/5774/products/vio-store-landscape-zip-s-the-planet-covered-in-water-5509282922539_1a89ed70-d93f-4e4f-9717-773d67390c67.jpg
planet-covered-in-water-pluto,,,print amazing,,,,,Zip,,XXXL,,,,,,50,deny,manual,45.95,79.95,,,,,,,https://cdn.shopify.com/s/files/1/2644/5774/products/vio-store-landscape-zip-s-the-planet-covered-in-water-5509282922539_1a89ed70-d93f-4e4f-9717-773d67390c67.jpg
planet-covered-in-water-pluto,,,print amazing,,,,,Zip,,4XL,,,,,,50,deny,manual,45.95,79.95,,,,,,,https://cdn.shopify.com/s/files/1/2644/5774/products/vio-store-landscape-zip-s-the-planet-covered-in-water-5509282922539_1a89ed70-d93f-4e4f-9717-773d67390c67.jpg
planet-covered-in-water-pluto,,,print amazing,,,,,Zip,,5XL,,,,,,50,deny,manual,45.95,79.95,,,,,,,https://cdn.shopify.com/s/files/1/2644/5774/products/vio-store-landscape-zip-s-the-planet-covered-in-water-5509282922539_1a89ed70-d93f-4e4f-9717-773d67390c67.jpg
planet-covered-in-water-pluto,,,print amazing,,,,,Tank,,S,,,,,,50,deny,manual,26.95,39.95,,,,,,,https://cdn.shopify.com/s/files/1/2644/5774/products/vio-store-landscape-tank-s-the-planet-covered-in-water-5509282234411_f60b0154-8093-4bc9-a3f3-189e0dc5116f.jpg
planet-covered-in-water-pluto,,,print amazing,,,,,Tank,,M,,,,,,50,deny,manual,26.95,39.95,,,,,,,https://cdn.shopify.com/s/files/1/2644/5774/products/vio-store-landscape-tank-s-the-planet-covered-in-water-5509282234411_f60b0154-8093-4bc9-a3f3-189e0dc5116f.jpg
planet-covered-in-water-pluto,,,print amazing,,,,,Tank,,L,,,,,,50,deny,manual,26.95,39.95,,,,,,,https://cdn.shopify.com/s/files/1/2644/5774/products/vio-store-landscape-tank-s-the-planet-covered-in-water-5509282234411_f60b0154-8093-4bc9-a3f3-189e0dc5116f.jpg
planet-covered-in-water-pluto,,,print amazing,,,,,Tank,,XL,,,,,,50,deny,manual,26.95,39.95,,,,,,,https://cdn.shopify.com/s/files/1/2644/5774/products/vio-store-landscape-tank-s-the-planet-covered-in-water-5509282234411_f60b0154-8093-4bc9-a3f3-189e0dc5116f.jpg
planet-covered-in-water-pluto,,,print amazing,,,,,Tank,,XXL,,,,,,50,deny,manual,26.95,39.95,,,,,,,https://cdn.shopify.com/s/files/1/2644/5774/products/vio-store-landscape-tank-s-the-planet-covered-in-water-5509282234411_f60b0154-8093-4bc9-a3f3-189e0dc5116f.jpg
planet-covered-in-water-pluto,,,print amazing,,,,,Kid,,S,,,,,,50,deny,manual,24.95,35.95,,,,,,,https://cdn.shopify.com/s/files/1/2644/5774/products/vio-store-landscape-kid-s-the-planet-covered-in-water-5509282332715_8f43793a-82dc-48fe-b964-a7bbfc1ad8cc.jpg
planet-covered-in-water-pluto,,,print amazing,,,,,Kid,,M,,,,,,50,deny,manual,24.95,35.95,,,,,,,https://cdn.shopify.com/s/files/1/2644/5774/products/vio-store-landscape-kid-s-the-planet-covered-in-water-5509282332715_8f43793a-82dc-48fe-b964-a7bbfc1ad8cc.jpg
planet-covered-in-water-pluto,,,print amazing,,,,,Kid,,L,,,,,,50,deny,manual,24.95,35.95,,,,,,,https://cdn.shopify.com/s/files/1/2644/5774/products/vio-store-landscape-kid-s-the-planet-covered-in-water-5509282332715_8f43793a-82dc-48fe-b964-a7bbfc1ad8cc.jpg
planet-covered-in-water-pluto,,,print amazing,,,,,Kid,,XL,,,,,,50,deny,manual,24.95,35.95,,,,,,,https://cdn.shopify.com/s/files/1/2644/5774/products/vio-store-landscape-kid-s-the-planet-covered-in-water-5509282332715_8f43793a-82dc-48fe-b964-a7bbfc1ad8cc.jpg
planet-covered-in-water-pluto,,,print amazing,,,,,Kid,,XXL,,,,,,50,deny,manual,24.95,35.95,,,,,,,https://cdn.shopify.com/s/files/1/2644/5774/products/vio-store-landscape-kid-s-the-planet-covered-in-water-5509282332715_8f43793a-82dc-48fe-b964-a7bbfc1ad8cc.jpg
ice-wolf-by-pixie-cold-art,Ice Wolf by Pixie cold Art,"<p style=""text-align: left;""><img alt="""" src=""https://cdn.shopify.com/s/files/1/2644/5774/files/Asian_Size_Chart.jpg?v=1543368465"" style=""float: none;""></p>
<p><span style=""color: #ff0000;""><strong>NOTE</strong></span><em><span style=""color: #ff0000;""><strong>: </strong></span></em><span style=""color: #ff0000;"">Please check the size chart carefully as Exclusive Artists' items are  in Asian Size.</span></p>
<p><strong>COMFORT &amp; STYLE</strong></p>
<p>100% Premium Polyester. This fabric is incredibly strong and durable as well as resistant to wrinkles, shrinking, abrasion, and mildew. Machine washable and easy to care for.</p>
<p><strong>VIVID &amp; ORIGINAL 360 DESIGN</strong></p>
<p>High-definition sublimation printing technique covers the entire front, back... everything! Each fabric panel of the tank top is printed with the graphics before sewing to ensure the design is flawless and the construction is perfect.</p>",print amazing,Wolf,"3d,animal,clothing,display-countdown,exclusive artists,hoodies,hoodies & sweatshirts,pixie cold art,shirt,sizechart-asian-shirts,view-size-chart,vio,wolf,zip hoodie",TRUE,Type,Hoodie,Size,S (Asian Size),,,,,,50,deny,manual,42.95,79.95,,,,https://cdn.shopify.com/s/files/1/2644/5774/products/VIOEA-PIXIEC9-LSM_510783cb-cee6-4813-ab08-11922fcd7517.jpg,1,Ice Wolf by Pixie cold Art Hoodie,https://cdn.shopify.com/s/files/1/2644/5774/products/VIOEA-PIXIEC9-LSM_510783cb-cee6-4813-ab08-11922fcd7517.jpg
ice-wolf-by-pixie-cold-art,,,print amazing,,,,,Hoodie,,M (Asian Size),,,,,,50,deny,manual,42.95,79.95,,,,https://cdn.shopify.com/s/files/1/2644/5774/products/VIOEA-PIXIEC9-TX_729c82c3-e320-4c34-a4e7-5d0e33d4238c.jpg,2,,https://cdn.shopify.com/s/files/1/2644/5774/products/VIOEA-PIXIEC9-LSM_510783cb-cee6-4813-ab08-11922fcd7517.jpg
ice-wolf-by-pixie-cold-art,,,print amazing,,,,,Hoodie,,L (Asian Size),,,,,,50,deny,manual,42.95,79.95,,,,,,,https://cdn.shopify.com/s/files/1/2644/5774/products/VIOEA-PIXIEC9-LSM_510783cb-cee6-4813-ab08-11922fcd7517.jpg
ice-wolf-by-pixie-cold-art,,,print amazing,,,,,Hoodie,,XL (Asian Size),,,,,,50,deny,manual,42.95,79.95,,,,,,,https://cdn.shopify.com/s/files/1/2644/5774/products/VIOEA-PIXIEC9-LSM_510783cb-cee6-4813-ab08-11922fcd7517.jpg
ice-wolf-by-pixie-cold-art,,,print amazing,,,,,Hoodie,,XXL (Asian Size),,,,,,50,deny,manual,42.95,79.95,,,,,,,https://cdn.shopify.com/s/files/1/2644/5774/products/VIOEA-PIXIEC9-LSM_510783cb-cee6-4813-ab08-11922fcd7517.jpg
ice-wolf-by-pixie-cold-art,,,print amazing,,,,,Hoodie,,XXXL (Asian Size),,,,,,50,deny,manual,42.95,79.95,,,,,,,https://cdn.shopify.com/s/files/1/2644/5774/products/VIOEA-PIXIEC9-LSM_510783cb-cee6-4813-ab08-11922fcd7517.jpg
ice-wolf-by-pixie-cold-art,,,print amazing,,,,,Hoodie,,4XL (Asian Size),,,,,,50,deny,manual,42.95,79.95,,,,,,,https://cdn.shopify.com/s/files/1/2644/5774/products/VIOEA-PIXIEC9-LSM_510783cb-cee6-4813-ab08-11922fcd7517.jpg
ice-wolf-by-pixie-cold-art,,,print amazing,,,,,Hoodie,,5XL (Asian Size),,,,,,50,deny,manual,42.95,79.95,,,,,,,https://cdn.shopify.com/s/files/1/2644/5774/products/VIOEA-PIXIEC9-LSM_510783cb-cee6-4813-ab08-11922fcd7517.jpg
ice-wolf-by-pixie-cold-art,,,print amazing,,,,,Hoodie,,6XL (Asian Size),,,,,,50,deny,manual,42.95,79.95,,,,,,,https://cdn.shopify.com/s/files/1/2644/5774/products/VIOEA-PIXIEC9-LSM_510783cb-cee6-4813-ab08-11922fcd7517.jpg
ice-wolf-by-pixie-cold-art,,,print amazing,,,,,T-shirt,,S (Asian Size),,,,,,50,deny,manual,25.95,44.95,,,,,,,https://cdn.shopify.com/s/files/1/2644/5774/products/VIOEA-PIXIEC9-TX_729c82c3-e320-4c34-a4e7-5d0e33d4238c.jpg
ice-wolf-by-pixie-cold-art,,,print amazing,,,,,T-shirt,,M (Asian Size),,,,,,50,deny,manual,25.95,44.95,,,,,,,https://cdn.shopify.com/s/files/1/2644/5774/products/VIOEA-PIXIEC9-TX_729c82c3-e320-4c34-a4e7-5d0e33d4238c.jpg
ice-wolf-by-pixie-cold-art,,,print amazing,,,,,T-shirt,,L (Asian Size),,,,,,50,deny,manual,25.95,44.95,,,,,,,https://cdn.shopify.com/s/files/1/2644/5774/products/VIOEA-PIXIEC9-TX_729c82c3-e320-4c34-a4e7-5d0e33d4238c.jpg
ice-wolf-by-pixie-cold-art,,,print amazing,,,,,T-shirt,,XL (Asian Size),,,,,,50,deny,manual,25.95,44.95,,,,,,,https://cdn.shopify.com/s/files/1/2644/5774/products/VIOEA-PIXIEC9-TX_729c82c3-e320-4c34-a4e7-5d0e33d4238c.jpg
ice-wolf-by-pixie-cold-art,,,print amazing,,,,,T-shirt,,XXL (Asian Size),,,,,,50,deny,manual,25.95,44.95,,,,,,,https://cdn.shopify.com/s/files/1/2644/5774/products/VIOEA-PIXIEC9-TX_729c82c3-e320-4c34-a4e7-5d0e33d4238c.jpg
ice-wolf-by-pixie-cold-art,,,print amazing,,,,,T-shirt,,XXXL (Asian Size),,,,,,50,deny,manual,25.95,44.95,,,,,,,https://cdn.shopify.com/s/files/1/2644/5774/products/VIOEA-PIXIEC9-TX_729c82c3-e320-4c34-a4e7-5d0e33d4238c.jpg
ice-wolf-by-pixie-cold-art,,,print amazing,,,,,T-shirt,,4XL (Asian Size),,,,,,50,deny,manual,25.95,44.95,,,,,,,https://cdn.shopify.com/s/files/1/2644/5774/products/VIOEA-PIXIEC9-TX_729c82c3-e320-4c34-a4e7-5d0e33d4238c.jpg
ice-wolf-by-pixie-cold-art,,,print amazing,,,,,T-shirt,,5XL (Asian Size),,,,,,50,deny,manual,25.95,44.95,,,,,,,https://cdn.shopify.com/s/files/1/2644/5774/products/VIOEA-PIXIEC9-TX_729c82c3-e320-4c34-a4e7-5d0e33d4238c.jpg
ice-wolf-by-pixie-cold-art,,,print amazing,,,,,T-shirt,,6XL (Asian Size),,,,,,50,deny,manual,25.95,44.95,,,,,,,https://cdn.shopify.com/s/files/1/2644/5774/products/VIOEA-PIXIEC9-TX_729c82c3-e320-4c34-a4e7-5d0e33d4238c.jpg
