Handle,title,Image Src,Image Position,body,Published,Option1 Name,Option1 Value,Variant Inventory Qty
dragon-ball-songoku-hooded-blanket-nyx070208,Dragon Ball Songoku Hooded Blanket NYX070208 ,//cdn.shopify.com/s/files/1/2558/1496/products/Hooded_Blanket_sau_800x.jpg?v=1517980117,1,,TRUE,Size,S,50
dragon-ball-songoku-hooded-blanket-nyx070208,,//cdn.shopify.com/s/files/1/2558/1496/products/B99D84B83B8B4237CC598C4469E30A02_800x.jpg?v=1517980117,2,,TRUE,,M,50
dogs,Dogs ,//cdn.shopify.com/s/files/1/2558/1496/products/Dogs_-_Whippet_Hooded_Blanket_-_GAEA2901010_800x.jpg?v=1517211485,1,,TRUE,Size,S,50
dogs,,//cdn.shopify.com/s/files/1/2558/1496/products/C596B30258629CB43E972F084D714BBA_800x.jpg?v=1517211485,2,,TRUE,,M,50
dogs,,//cdn.shopify.com/s/files/1/2558/1496/products/1BBAF8B169045E519CC9D5C4CC5B5B2F_800x.jpg?v=1517211485,3,,TRUE,,L,50
dogs,Dogs ,//cdn.shopify.com/s/files/1/2558/1496/products/Dogs_-_Standard_Schnauzer_Hooded_Blanket_-_GAEA290109_800x.jpg?v=1517214445,1,,TRUE,Size,S,50
dogs,,//cdn.shopify.com/s/files/1/2558/1496/products/69F083EF9D806E398C09D0164723D2BC_800x.jpg?v=1517214445,2,,TRUE,,M,50
dogs,,//cdn.shopify.com/s/files/1/2558/1496/products/DAD63BB0291130396F873C45154BFAC7_800x.jpg?v=1517214445,3,,TRUE,,L,50
dogs,Dogs ,//cdn.shopify.com/s/files/1/2558/1496/products/Dogs_-_Old_English_Sheepdog_Hooded_Blanket_-_GAEA290107_800x.jpg?v=1517214746,1,,TRUE,Size,S,50
dogs,,//cdn.shopify.com/s/files/1/2558/1496/products/5E7B3C90618372F1622DE1675635CB2D_800x.jpg?v=1517214746,2,,TRUE,,M,50
dogs,,//cdn.shopify.com/s/files/1/2558/1496/products/A2258BDA414D2CB65348DF66E04DDBC8_800x.jpg?v=1517214746,3,,TRUE,,L,50
eros,EROS ,//cdn.shopify.com/s/files/1/2558/1496/products/front_1_2f77e9cf-4fcd-4fab-a8f7-a758b114afa0_800x.jpg?v=1522399627,1,,TRUE,Size,S,50
eros,,//cdn.shopify.com/s/files/1/2558/1496/products/front_2_bf30bd3a-e755-4854-8301-2a7a11eeeb22_800x.jpg?v=1522399629,2,,TRUE,,M,50
eros,,//cdn.shopify.com/s/files/1/2558/1496/products/front_3_b6876839-1d5e-4602-ad36-c202d404f3c5_800x.jpg?v=1522399632,3,,TRUE,,L,50
eros,,//cdn.shopify.com/s/files/1/2558/1496/products/front_4_a27c95f3-ebdf-481d-8971-d728e19d2f94_800x.jpg?v=1522399633,4,,TRUE,,XL,50
eros,,//cdn.shopify.com/s/files/1/2558/1496/products/front_5_46c88ce4-4738-4d08-af17-1e235481fd65_800x.jpg?v=1522399635,5,,TRUE,,XXL,50
dogs,Dogs ,//cdn.shopify.com/s/files/1/2558/1496/products/Dogs_-_Rhodesian_Ridgeback_Hooded_Blanket_-_GAEA290108_800x.jpg?v=1517211346,1,,TRUE,Size,S,50
dogs,,//cdn.shopify.com/s/files/1/2558/1496/products/A56867719BCBB940D44716C60BBA4797_800x.jpg?v=1517211346,2,,TRUE,,M,50
dogs,,//cdn.shopify.com/s/files/1/2558/1496/products/A6D086DE066BD81118C62903382513F6_800x.jpg?v=1517211346,3,,TRUE,,L,50
magic-cat-hooded-blanket,Magic Cat Hooded Blanket ,//cdn.shopify.com/s/files/1/2558/1496/products/B4821A015E868DE3A2ACC54ADA231EE9_800x.png?v=1533268898,1,,TRUE,Size,S,50
magic-cat-hooded-blanket,,//cdn.shopify.com/s/files/1/2558/1496/products/F117B9C39F4434F9BDE82CA82FEF4B59_800x.png?v=1533268898,2,,TRUE,,M,50
magic-cat-hooded-blanket,,//cdn.shopify.com/s/files/1/2558/1496/products/01AD4C831F8A6BEB15EA7D7370907F95_800x.png?v=1533268898,3,,TRUE,,L,50
black-cat-striped-hooded-blanket,Black Cat Striped Hooded Blanket ,//cdn.shopify.com/s/files/1/2558/1496/products/front_1_34ef50b4-bc1c-4b96-9725-883a411ac551_800x.jpg?v=1533627392,1,,TRUE,Size,S,50
black-cat-striped-hooded-blanket,,//cdn.shopify.com/s/files/1/2558/1496/products/front_2_83cb4432-c03f-47d4-a947-867c5f415c14_800x.jpg?v=1533627395,2,,TRUE,,M,50
black-cat-striped-hooded-blanket,,//cdn.shopify.com/s/files/1/2558/1496/products/front_3_bdbb232f-ce99-4055-8c22-747def8ef333_800x.jpg?v=1533627397,3,,TRUE,,L,50
black-cat-striped-hooded-blanket,,//cdn.shopify.com/s/files/1/2558/1496/products/front_4_a6dd1eee-3178-4fb6-a005-7b8ff4e39d9e_800x.jpg?v=1533627401,4,,TRUE,,XL,50
black-cat-striped-hooded-blanket,,//cdn.shopify.com/s/files/1/2558/1496/products/front_5_70f03881-0c49-40b2-a5b0-fc0664196c40_800x.jpg?v=1533627405,5,,TRUE,,XXL,50
dogs,Dogs ,//cdn.shopify.com/s/files/1/2558/1496/products/Dogs_-_Italian_Greyhound_Hooded_Blanket_-_GAEA290103_800x.jpg?v=1517215511,1,,TRUE,Size,S,50
dogs,,//cdn.shopify.com/s/files/1/2558/1496/products/456B5D5E99C10D6F01AEB928AFEAF0F2_800x.jpg?v=1517215511,2,,TRUE,,M,50
dogs,,//cdn.shopify.com/s/files/1/2558/1496/products/A0397CEC098F62EEFBD45BCA0CABEDC4_800x.jpg?v=1517215511,3,,TRUE,,L,50
dogs,Dogs ,//cdn.shopify.com/s/files/1/2558/1496/products/Dogs_-_Mexican_Hairless_Hooded_Blanket_-_GAEA290105_800x.jpg?v=1517214210,1,,TRUE,Size,S,50
dogs,,//cdn.shopify.com/s/files/1/2558/1496/products/848162146384BA7AFCB012C71E1B08A9_800x.jpg?v=1517214210,2,,TRUE,,M,50
dogs,,//cdn.shopify.com/s/files/1/2558/1496/products/999681935F649F8B33073381222E7DA8_800x.jpg?v=1517214210,3,,TRUE,,L,50
dogs,Dogs ,//cdn.shopify.com/s/files/1/2558/1496/products/Dogs_-_Havanese_Hooded_Blanket_-_GAEA290102_800x.jpg?v=1517212900,1,,TRUE,Size,S,50
dogs,,//cdn.shopify.com/s/files/1/2558/1496/products/CC639D9A2E9BE56C400C29EE320AD088_800x.jpg?v=1517212900,2,,TRUE,,M,50
dogs,,//cdn.shopify.com/s/files/1/2558/1496/products/67C223D9D05FE35532ECBAAE1B4204D8_800x.jpg?v=1517212900,3,,TRUE,,L,50
dogs,Dogs ,//cdn.shopify.com/s/files/1/2558/1496/products/Dogs_-_Miniature_Pinscher_Hooded_Blanket_-_GAEA290106_800x.jpg?v=1517210953,1,,TRUE,Size,S,50
dogs,,//cdn.shopify.com/s/files/1/2558/1496/products/60A707692CC07ACA885D49E8F2BC6940_800x.jpg?v=1517210953,2,,TRUE,,M,50
dogs,,//cdn.shopify.com/s/files/1/2558/1496/products/36792C37308722AF347A39B57D024A7D_800x.jpg?v=1517210953,3,,TRUE,,L,50
dogs,Dogs ,//cdn.shopify.com/s/files/1/2558/1496/products/Dogs_-_English_Cocker_Spaniel_Hooded_Blanket_-_GAEA290101_800x.jpg?v=1517210093,1,,TRUE,Size,S,50
dogs,,//cdn.shopify.com/s/files/1/2558/1496/products/8EBB564F7BBC9DECC0816A2B7E1B9E5C_800x.jpg?v=1517210093,2,,TRUE,,M,50
dogs,,//cdn.shopify.com/s/files/1/2558/1496/products/5350C15512241FC6DFD58079388C4E40_800x.jpg?v=1517210093,3,,TRUE,,L,50
dogs,Dogs ,//cdn.shopify.com/s/files/1/2558/1496/products/Dogs_-_Mastiff_Hooded_Blanket_-_GAEA290104_800x.jpg?v=1517215012,1,,TRUE,Size,S,50
dogs,,//cdn.shopify.com/s/files/1/2558/1496/products/765CBFC8DF6254B01094A2A04482E1A7_800x.jpg?v=1517215012,2,,TRUE,,M,50
dogs,,//cdn.shopify.com/s/files/1/2558/1496/products/E4E016FA9EB4C2FDC44777A2EC550F75_800x.jpg?v=1517215012,3,,TRUE,,L,50
dogs,Dogs ,//cdn.shopify.com/s/files/1/2558/1496/products/Boykin_Spaniel_093e97ef-19be-46c6-91d7-f97c39cb1233_800x.jpg?v=1517213639,1,,TRUE,Size,S,50
dogs,,//cdn.shopify.com/s/files/1/2558/1496/products/4827F74EDE1819F2BEEE65C4C5D401C3_800x.jpg?v=1517213639,2,,TRUE,,M,50
dogs,,//cdn.shopify.com/s/files/1/2558/1496/products/3D6082342E790266B9F6B47F2C889BA6_800x.jpg?v=1517213639,3,,TRUE,,L,50
alaskan-malamute-face-hooded-blanket-zeus2901,Alaskan Malamute Face Hooded Blanket ZEUS2901 ,//cdn.shopify.com/s/files/1/2558/1496/products/Alaskan-Minamute_800x.jpg?v=1517221478,1,,TRUE,Size,S,50
alaskan-malamute-face-hooded-blanket-zeus2901,,//cdn.shopify.com/s/files/1/2558/1496/products/247DA94B893C3A44822BF7C9EA0ED649_800x.jpg?v=1517221478,2,,TRUE,,M,50
alaskan-malamute-face-hooded-blanket-zeus2901,,//cdn.shopify.com/s/files/1/2558/1496/products/99311AE67D8CC3631CE5A3B4DB92E876_800x.jpg?v=1517221478,3,,TRUE,,L,50
alaskan-malamute-face-hooded-blanket-zeus2901,,//cdn.shopify.com/s/files/1/2558/1496/products/871E31CED7FA33FF038B9E6DA03FC431_800x.jpg?v=1517221478,4,,TRUE,,XL,50
dogs,Dogs ,//cdn.shopify.com/s/files/1/2558/1496/products/American_Eskimo_Dog1_bafe8815-288d-4c58-9aa5-d74f69ae9e62_800x.jpg?v=1517213428,1,,TRUE,Size,S,50
dogs,,//cdn.shopify.com/s/files/1/2558/1496/products/6658AF1F705027B115EDB91B6287C12B_800x.jpg?v=1517213428,2,,TRUE,,M,50
dogs,,//cdn.shopify.com/s/files/1/2558/1496/products/43B7C12D767977C56760F6FA83D7AEC3_800x.jpg?v=1517213428,3,,TRUE,,L,50
beagle-face-hooded-blanket-zeus290118,Beagle Face Hooded Blanket ZEUS290118 ,//cdn.shopify.com/s/files/1/2558/1496/products/Beagle_36c56594-28e9-4434-babe-464f636f23a6_800x.jpg?v=1517216142,1,,TRUE,Size,S,50
beagle-face-hooded-blanket-zeus290118,,//cdn.shopify.com/s/files/1/2558/1496/products/0932A772C78D2193869029D8B89E7859_800x.jpg?v=1517216142,2,,TRUE,,M,50
beagle-face-hooded-blanket-zeus290118,,//cdn.shopify.com/s/files/1/2558/1496/products/8391502407545BD7DD38A5AAD28A3F8F_800x.jpg?v=1517216142,3,,TRUE,,L,50
beagle-face-hooded-blanket-zeus290118,,//cdn.shopify.com/s/files/1/2558/1496/products/57FA1B3407A08E821E918B430754D9BA_800x.jpg?v=1517216142,4,,TRUE,,XL,50
basset-hound-face-hooded-blanket-zeus2901,Basset Hound Face Hooded Blanket ZEUS2901 ,//cdn.shopify.com/s/files/1/2558/1496/products/Basset_Hound_29d6d11f-2157-4ea6-830d-e1d3c57110e4_800x.jpg?v=1517200709,1,,TRUE,Size,S,50
basset-hound-face-hooded-blanket-zeus2901,,//cdn.shopify.com/s/files/1/2558/1496/products/C1A93A39D7F1306535E02FFC996D51B5_800x.jpg?v=1517200709,2,,TRUE,,M,50
basset-hound-face-hooded-blanket-zeus2901,,//cdn.shopify.com/s/files/1/2558/1496/products/1F7AD3E7BB3870E7FBBC8B29E004BFE1_800x.jpg?v=1517200709,3,,TRUE,,L,50
basset-hound-face-hooded-blanket-zeus2901,,//cdn.shopify.com/s/files/1/2558/1496/products/7CB5E54474E2FE2CCC06A51F936F5AFC_800x.jpg?v=1517200709,4,,TRUE,,XL,50
basenji-face-hooded-blanket-zeus2901,Basenji Face Hooded Blanket ZEUS2901 ,//cdn.shopify.com/s/files/1/2558/1496/products/Basenji_mockup_800x.jpg?v=1517285844,1,,TRUE,Size,S,50
basenji-face-hooded-blanket-zeus2901,,,,,TRUE,,M,50
basenji-face-hooded-blanket-zeus2901,,,,,TRUE,,L,50
basenji-face-hooded-blanket-zeus2901,,,,,TRUE,,XL,50
basenji-face-hooded-blanket-zeus2901,,,,,TRUE,,XXL,50
basenji-face-hooded-blanket-zeus2901,,,,,TRUE,,XXXL,50
anatolian,Anatolian,//cdn.shopify.com/s/files/1/2558/1496/products/Anatolian-Shepherd_800x.jpg?v=1517219573,1,,TRUE,Size,S,50
anatolian,,//cdn.shopify.com/s/files/1/2558/1496/products/C8BD248BB4EA076F7CA05D85D09B2D15_800x.jpg?v=1517219573,2,,TRUE,,M,50
anatolian,,//cdn.shopify.com/s/files/1/2558/1496/products/2E6F43FF05610FEC93F01E13814B48DB_800x.jpg?v=1517219573,3,,TRUE,,L,50
australian-kelpie-face-hooded-blanket-zeus2901,Australian Kelpie Face Hooded Blanket ZEUS2901 ,//cdn.shopify.com/s/files/1/2558/1496/products/Australian_Kelpie_800x.jpg?v=1517280622,1,,TRUE,Size,S,50
australian-kelpie-face-hooded-blanket-zeus2901,,//cdn.shopify.com/s/files/1/2558/1496/products/FAE3CF853BE848AD7A90692F9EAC120B_800x.jpg?v=1517280622,2,,TRUE,,M,50
australian-kelpie-face-hooded-blanket-zeus2901,,//cdn.shopify.com/s/files/1/2558/1496/products/5C192DAC1BB802489F3599469FD74F4C_800x.jpg?v=1517280622,3,,TRUE,,L,50
australian-kelpie-face-hooded-blanket-zeus2901,,//cdn.shopify.com/s/files/1/2558/1496/products/2FFE15157455AA5F776C012131D4AE81_800x.jpg?v=1517280622,4,,TRUE,,XL,50
akita-face-hooded-blanket-zeus2901,Akita Face Hooded Blanket ZEUS2901 ,//cdn.shopify.com/s/files/1/2558/1496/products/Akita_800x.jpg?v=1517219455,1,,TRUE,Size,S,50
akita-face-hooded-blanket-zeus2901,,//cdn.shopify.com/s/files/1/2558/1496/products/EAC4E6850A00E81459E444F1A21AF13F_800x.jpg?v=1517219455,2,,TRUE,,M,50
akita-face-hooded-blanket-zeus2901,,//cdn.shopify.com/s/files/1/2558/1496/products/14E0EC3FD86403710C4E8C6C8A0E7698_800x.jpg?v=1517219455,3,,TRUE,,L,50
akita-face-hooded-blanket-zeus2901,,//cdn.shopify.com/s/files/1/2558/1496/products/286E233A5C796AB4FA7E0DE233FB2E12_800x.jpg?v=1517219455,4,,TRUE,,XL,50
akbash-hooded-blanket-zeus290128,Akbash Hooded Blanket ZEUS290128 ,//cdn.shopify.com/s/files/1/2558/1496/products/Akbash-Dog_800x.jpg?v=1517219570,1,,TRUE,Size,S,50
akbash-hooded-blanket-zeus290128,,//cdn.shopify.com/s/files/1/2558/1496/products/64127BD986B209B8B771D8C1BF487347_800x.jpg?v=1517219570,2,,TRUE,,M,50
akbash-hooded-blanket-zeus290128,,//cdn.shopify.com/s/files/1/2558/1496/products/87CD76EB7AB8467B19175FEC5C3D09A1_800x.jpg?v=1517219570,3,,TRUE,,L,50
afghan-hound-face-hooded-blanket-zeus2901,Afghan Hound Face Hooded Blanket ZEUS2901 ,//cdn.shopify.com/s/files/1/2558/1496/products/afghan_hound_800x.jpg?v=1517280262,1,,TRUE,Size,S,50
afghan-hound-face-hooded-blanket-zeus2901,,//cdn.shopify.com/s/files/1/2558/1496/products/DC258F9F23F329F6E3E1650BD88CE008_800x.jpg?v=1517280262,2,,TRUE,,M,50
afghan-hound-face-hooded-blanket-zeus2901,,//cdn.shopify.com/s/files/1/2558/1496/products/CB77A04DC7827B0AB368BD07A777E2C6_800x.jpg?v=1517280262,3,,TRUE,,L,50
afghan-hound-face-hooded-blanket-zeus2901,,//cdn.shopify.com/s/files/1/2558/1496/products/28E59605611BE4B4EEFE011CD00DF5FD_800x.jpg?v=1517280262,4,,TRUE,,XL,50
airedale-terrier-face-hooded-blanket-zeus2901,Airedale Terrier Face Hooded Blanket ZEUS2901 ,//cdn.shopify.com/s/files/1/2558/1496/products/Airedale_Terrier_800x.jpg?v=1517215860,1,,TRUE,Size,S,50
airedale-terrier-face-hooded-blanket-zeus2901,,//cdn.shopify.com/s/files/1/2558/1496/products/675103D060AEBA5F98E45AFC3577CC14_800x.jpg?v=1517215860,2,,TRUE,,M,50
airedale-terrier-face-hooded-blanket-zeus2901,,//cdn.shopify.com/s/files/1/2558/1496/products/4399FD26AA302C3276E3157990EC94E9_800x.jpg?v=1517215860,3,,TRUE,,L,50
airedale-terrier-face-hooded-blanket-zeus2901,,//cdn.shopify.com/s/files/1/2558/1496/products/ED3906189819F7308F1AFF99D6AEB4A0_800x.jpg?v=1517215860,4,,TRUE,,XL,50
affenpinscher-hooded-blanket-zeus290130,Affenpinscher Hooded Blanket ZEUS290130 ,//cdn.shopify.com/s/files/1/2558/1496/products/Affenpinscher_800x.jpg?v=1517221509,1,,TRUE,Size,S,50
affenpinscher-hooded-blanket-zeus290130,,//cdn.shopify.com/s/files/1/2558/1496/products/B006115F6DB3C05819BC73A57142A874_800x.jpg?v=1517221509,2,,TRUE,,M,50
affenpinscher-hooded-blanket-zeus290130,,//cdn.shopify.com/s/files/1/2558/1496/products/ACEEA09BE73C886BC3EB50CFD53A83CB_800x.jpg?v=1517221509,3,,TRUE,,L,50
wild-animals-elephants-hooded-blanket-phoebe070227,Wild Animals Elephants Hooded Blanket PHOEBE070227 ,//cdn.shopify.com/s/files/1/2558/1496/products/Elephants_Hooded_Blanket1_800x.jpg?v=1517993566,1,,TRUE,Size,S,50
wild-animals-elephants-hooded-blanket-phoebe070227,,//cdn.shopify.com/s/files/1/2558/1496/products/243B80C1197DD7F93A4E41C7114C5228_800x.jpg?v=1517993566,2,,TRUE,,M,50
wild-animals-elephants-hooded-blanket-phoebe070227,,//cdn.shopify.com/s/files/1/2558/1496/products/295510C3963189589187639C3FC6843C_800x.jpg?v=1517993566,3,,TRUE,,L,50
owl-color-blanket-phoebe-228,Owl Color Blanket Phoebe 228 ,//cdn.shopify.com/s/files/1/2558/1496/products/front_1_388bb081-ffc1-4dc1-a4bd-be245990449d_800x.jpg?v=1534929995,1,,TRUE,Size,S,50
owl-color-blanket-phoebe-228,,//cdn.shopify.com/s/files/1/2558/1496/products/front_2_d5dac787-a9ed-43f7-8811-a173d6c42a1c_800x.jpg?v=1534929996,2,,TRUE,,M,50
owl-color-blanket-phoebe-228,,//cdn.shopify.com/s/files/1/2558/1496/products/front_3_f71cba0a-e52f-4266-9d6b-eab1db816cfa_800x.jpg?v=1534929998,3,,TRUE,,L,50
owl-color-blanket-phoebe-228,,//cdn.shopify.com/s/files/1/2558/1496/products/front_4_19ba783b-b81b-4fe7-9fdb-df275fdf729e_800x.jpg?v=1534930000,4,,TRUE,,XL,50
owl-color-blanket-phoebe-228,,//cdn.shopify.com/s/files/1/2558/1496/products/front_5_1d04bec2-b37d-452a-b1d6-50699a5708df_800x.jpg?v=1534930003,5,,TRUE,,XXL,50
wild-animals,Wild Animals ,//cdn.shopify.com/s/files/1/2558/1496/products/Hooded-Blanket-sau_800x.png?v=1517821575,1,,TRUE,Size,S,50
wild-animals,,//cdn.shopify.com/s/files/1/2558/1496/products/766B1220DB4E0CADBED895ED155466A1_800x.jpg?v=1517821575,2,,TRUE,,M,50
wild-animals,,//cdn.shopify.com/s/files/1/2558/1496/products/F114F8D67F15B22DFD7E0736C666BA95_800x.jpg?v=1517821575,3,,TRUE,,L,50
wild-animals,Wild Animals ,//cdn.shopify.com/s/files/1/2558/1496/products/Owl_Wild_Hooded_Blanket_800x.jpg?v=1517392767,1,,TRUE,Size,S,50
wild-animals,,//cdn.shopify.com/s/files/1/2558/1496/products/77FEF20D88AE1DFCFCF403B0BAA1E9C9_800x.jpg?v=1517392767,2,,TRUE,,M,50
wild-animals,,//cdn.shopify.com/s/files/1/2558/1496/products/ECA3131DF1E85F98240DA43613531CF6_800x.jpg?v=1517392767,3,,TRUE,,L,50
wild-animals,Wild Animals ,//cdn.shopify.com/s/files/1/2558/1496/products/owl_b9eb9b62-175c-42e4-86cb-1c42c9055e59_800x.jpg?v=1517820967,1,,TRUE,Size,S,50
wild-animals,,//cdn.shopify.com/s/files/1/2558/1496/products/D66C3C73F2F01B77D4F3F0662224D05D_800x.jpg?v=1517820967,2,,TRUE,,M,50
wild-animals,,//cdn.shopify.com/s/files/1/2558/1496/products/B6761EECE508CE1769544FDE9031D673_800x.jpg?v=1517820967,3,,TRUE,,L,50
rottweiler-halloween-3-0208-hooded-blanket,Rottweiler Halloween 3 0208 Hooded Blanket ,//cdn.shopify.com/s/files/1/2558/1496/products/2018-02-08-13-51-40_800x.jpeg?v=1533193127,1,,TRUE,Size,S,50
rottweiler-halloween-3-0208-hooded-blanket,,//cdn.shopify.com/s/files/1/2558/1496/products/10_800x.jpg?v=1533193127,2,,TRUE,,M,50
rottweiler-halloween-3-0208-hooded-blanket,,//cdn.shopify.com/s/files/1/2558/1496/products/9_1d1e0d77-856f-4907-b2c9-76769c4961c1_800x.jpg?v=1533193127,3,,TRUE,,L,50
rottweiler-halloween-3-0208-hooded-blanket,,//cdn.shopify.com/s/files/1/2558/1496/products/A18D93ACA76A6175770B6304CD145D24_800x.png?v=1533193127,4,,TRUE,,XL,50
rottweiler-halloween-3-0208-hooded-blanket,,//cdn.shopify.com/s/files/1/2558/1496/products/B62174F53DD0FD763BA391ABC7015194_800x.png?v=1533193127,5,,TRUE,,XXL,50
rottweiler-halloween-3-0208-hooded-blanket,,//cdn.shopify.com/s/files/1/2558/1496/products/5A51A28DC073BD71F6C38C9227BB9E78_800x.png?v=1533193127,6,,TRUE,,XXXL,50
rottweiler-halloween-2-0208-hooded-blanket,Rottweiler Halloween 2 0208 Hooded Blanket ,//cdn.shopify.com/s/files/1/2558/1496/products/2018-02-08-12-34-12_800x.jpeg?v=1533193234,1,,TRUE,Size,S,50
rottweiler-halloween-2-0208-hooded-blanket,,//cdn.shopify.com/s/files/1/2558/1496/products/7_7273f3ce-64d6-4475-8899-807afa1f2ff9_800x.jpg?v=1533193234,2,,TRUE,,M,50
rottweiler-halloween-2-0208-hooded-blanket,,//cdn.shopify.com/s/files/1/2558/1496/products/6_793d7924-9d57-449c-b46e-39c23eb43a7e_800x.jpg?v=1533193234,3,,TRUE,,L,50
rottweiler-halloween-2-0208-hooded-blanket,,//cdn.shopify.com/s/files/1/2558/1496/products/51DD6C7AE513B92C2663A16452411590_800x.png?v=1533193234,4,,TRUE,,XL,50
rottweiler-halloween-2-0208-hooded-blanket,,//cdn.shopify.com/s/files/1/2558/1496/products/58A9B610CB3464A8EED9E3CC0D9242F4_800x.png?v=1533193234,5,,TRUE,,XXL,50
rottweiler-halloween-2-0208-hooded-blanket,,//cdn.shopify.com/s/files/1/2558/1496/products/6ADF50789BDA84E27830C5EC51F34A1C_800x.png?v=1533193234,6,,TRUE,,XXXL,50
phoebe,PHOEBE ,//cdn.shopify.com/s/files/1/2558/1496/products/front_1_a3daafc4-19ec-43f8-b23a-244b9609277c_800x.jpg?v=1522396700,1,,TRUE,Size,S,50
phoebe,,//cdn.shopify.com/s/files/1/2558/1496/products/front_2_fb96d169-a0af-4783-aa5a-f54c34aa9225_800x.jpg?v=1522396705,2,,TRUE,,M,50
phoebe,,//cdn.shopify.com/s/files/1/2558/1496/products/front_3_1ad8c7a7-8bf5-4689-a3c6-4bad533b1795_800x.jpg?v=1522396707,3,,TRUE,,L,50
phoebe,,//cdn.shopify.com/s/files/1/2558/1496/products/front_4_1a9f6f33-2fdb-4317-929f-d7cc9cab9d70_800x.jpg?v=1522396709,4,,TRUE,,XL,50
phoebe,,//cdn.shopify.com/s/files/1/2558/1496/products/front_5_b308c9e4-fdd7-47f3-9e66-b6813d09a041_800x.jpg?v=1522396712,5,,TRUE,,XXL,50
chihuahua-halloween-hooded-blanket,Chihuahua Halloween Hooded Blanket ,//cdn.shopify.com/s/files/1/2558/1496/products/D5817F4B1C411E09CB1F7FB23C2A7624_800x.png?v=1533199059,1,,TRUE,Size,S,50
chihuahua-halloween-hooded-blanket,,//cdn.shopify.com/s/files/1/2558/1496/products/3073699CBFE1896F66BBCD4787944D68_800x.png?v=1533199059,2,,TRUE,,M,50
chihuahua-halloween-hooded-blanket,,//cdn.shopify.com/s/files/1/2558/1496/products/38597ADDF8A79BD5A9739C5CB2C25D25_800x.png?v=1533199059,3,,TRUE,,L,50
yoga,Yoga ,//cdn.shopify.com/s/files/1/2558/1496/products/Yoga_Mandala_Hooded_Blanket_800x.jpg?v=1517386140,1,,TRUE,Size,S,50
yoga,,//cdn.shopify.com/s/files/1/2558/1496/products/04D6ED07D8895CAC2140E7DF1B9DB576_800x.jpg?v=1517386140,2,,TRUE,,M,50
yoga,,//cdn.shopify.com/s/files/1/2558/1496/products/9AB5666238004DD9F37CDFED83588467_800x.jpg?v=1517386140,3,,TRUE,,L,50
blackcat-halloween-hooded-blanket,Blackcat Halloween Hooded Blanket ,//cdn.shopify.com/s/files/1/2558/1496/products/C940A600BA41FB6017E38B8914B96D6D_800x.png?v=1533268325,1,,TRUE,Size,S,50
blackcat-halloween-hooded-blanket,,//cdn.shopify.com/s/files/1/2558/1496/products/1057D3CDEFF520F112F7ADDC01A7E15E_800x.png?v=1533268325,2,,TRUE,,M,50
blackcat-halloween-hooded-blanket,,//cdn.shopify.com/s/files/1/2558/1496/products/B9EDC1FFA215A803CDF797539C509859_800x.png?v=1533268325,3,,TRUE,,L,50
gaea,GAEA ,//cdn.shopify.com/s/files/1/2558/1496/products/front_1_760b736f-dafc-4245-bc96-53765232c189_800x.jpg?v=1522054506,1,,TRUE,Size,S,50
gaea,,//cdn.shopify.com/s/files/1/2558/1496/products/front_2_e6aa4d2a-3e51-42d5-9f6d-9a9ac0a7238b_800x.jpg?v=1522054509,2,,TRUE,,M,50
gaea,,//cdn.shopify.com/s/files/1/2558/1496/products/front_3_1792ec42-8715-4e40-b11a-569897324df7_800x.jpg?v=1522054511,3,,TRUE,,L,50
gaea,,//cdn.shopify.com/s/files/1/2558/1496/products/front_4_5b575c1c-3413-4211-9f60-b664725875f9_800x.jpg?v=1522054513,4,,TRUE,,XL,50
gaea,,//cdn.shopify.com/s/files/1/2558/1496/products/front_5_1433dfa5-9342-4ad8-9c6d-943547e129a0_800x.jpg?v=1522054516,5,,TRUE,,XXL,50
wolf-galaxy-hooded-blanket-2903,Wolf Galaxy Hooded Blanket 2903 ,//cdn.shopify.com/s/files/1/2558/1496/products/front_1_ac6fc578-053c-431b-9219-12a645226781_800x.jpg?v=1522402854,1,,TRUE,Size,S,50
wolf-galaxy-hooded-blanket-2903,,//cdn.shopify.com/s/files/1/2558/1496/products/front_2_322ce209-ae50-432d-bc16-72923137e451_800x.jpg?v=1522402857,2,,TRUE,,M,50
wolf-galaxy-hooded-blanket-2903,,//cdn.shopify.com/s/files/1/2558/1496/products/front_3_2a7f7b2c-b349-4728-8927-579d2ab048d9_800x.jpg?v=1522402859,3,,TRUE,,L,50
wolf-galaxy-hooded-blanket-2903,,//cdn.shopify.com/s/files/1/2558/1496/products/front_4_e5aceccb-2f39-4224-a1ea-69ee0ec2ffb1_800x.jpg?v=1522402861,4,,TRUE,,XL,50
wolf-galaxy-hooded-blanket-2903,,//cdn.shopify.com/s/files/1/2558/1496/products/front_5_ce585556-d3da-435c-8f8d-99ebf5682b17_800x.jpg?v=1522402864,5,,TRUE,,XXL,50
gaea,GAEA ,//cdn.shopify.com/s/files/1/2558/1496/products/front_1_3e0fdb5f-6538-4953-8665-cdd2ffc6ca9f_800x.jpg?v=1522054661,1,,TRUE,Size,S,50
gaea,,//cdn.shopify.com/s/files/1/2558/1496/products/front_2_c5c9763c-7078-4178-bd18-a6318cd1fe43_800x.jpg?v=1522054663,2,,TRUE,,M,50
gaea,,//cdn.shopify.com/s/files/1/2558/1496/products/front_3_bef55a81-1d22-47b4-a2ca-2cb09aefc446_800x.jpg?v=1522054664,3,,TRUE,,L,50
gaea,,//cdn.shopify.com/s/files/1/2558/1496/products/front_4_5a0dd275-4041-4e09-9086-9609fdc55905_800x.jpg?v=1522054666,4,,TRUE,,XL,50
gaea,,//cdn.shopify.com/s/files/1/2558/1496/products/front_5_38e3cb6c-1b03-43d0-9f3d-57c86269914a_800x.jpg?v=1522054668,5,,TRUE,,XXL,50
gaea,GAEA ,//cdn.shopify.com/s/files/1/2558/1496/products/front_1_321a6808-cab8-47e4-a91e-3d42fe9c5720_800x.jpg?v=1522054130,1,,TRUE,Size,S,50
gaea,,//cdn.shopify.com/s/files/1/2558/1496/products/front_2_daeb43d6-007d-4cc7-8384-c9f098c29cfe_800x.jpg?v=1522054131,2,,TRUE,,M,50
gaea,,//cdn.shopify.com/s/files/1/2558/1496/products/front_3_864e45c7-6c55-4cfa-8c5c-4e5ac151a8c2_800x.jpg?v=1522054132,3,,TRUE,,L,50
gaea,,//cdn.shopify.com/s/files/1/2558/1496/products/front_4_67b103dc-3a15-45f7-8a90-c1f6b5693076_800x.jpg?v=1522054134,4,,TRUE,,XL,50
gaea,,//cdn.shopify.com/s/files/1/2558/1496/products/front_5_fcc6d5b0-935f-43f6-b37d-ab66727f3037_800x.jpg?v=1522054136,5,,TRUE,,XXL,50
gaea,GAEA ,//cdn.shopify.com/s/files/1/2558/1496/products/front_1_8bd29c76-f9d4-4416-9e87-fcc21b10b035_800x.jpg?v=1522053767,1,,TRUE,Size,S,50
gaea,,//cdn.shopify.com/s/files/1/2558/1496/products/front_2_c1ea028c-e5aa-486e-b901-7f32aeb683b8_800x.jpg?v=1522053772,2,,TRUE,,M,50
gaea,,//cdn.shopify.com/s/files/1/2558/1496/products/front_3_4a2da7ae-7921-4bce-9335-012a21835779_800x.jpg?v=1522053777,3,,TRUE,,L,50
gaea,,//cdn.shopify.com/s/files/1/2558/1496/products/front_4_4a739797-3854-43c9-b53c-c593f1610f60_800x.jpg?v=1522053779,4,,TRUE,,XL,50
gaea,,//cdn.shopify.com/s/files/1/2558/1496/products/front_5_f2a45081-87f6-4989-83bb-963100e513f8_800x.jpg?v=1522053788,5,,TRUE,,XXL,50
unicorn,Unicorn ,//cdn.shopify.com/s/files/1/2558/1496/products/Unicorn_Flower_Hooded_Blanket1_800x.jpg?v=1517462698,1,,TRUE,Size,S,50
unicorn,,//cdn.shopify.com/s/files/1/2558/1496/products/03D5544F35CB9B01B721F89AFC1ACD0A_800x.jpg?v=1517462698,2,,TRUE,,M,50
unicorn,,//cdn.shopify.com/s/files/1/2558/1496/products/957B42941243FACB80643D13E95CB7B6_800x.jpg?v=1517462698,3,,TRUE,,L,50
star-wars,Star Wars ,//cdn.shopify.com/s/files/1/2558/1496/products/Star_Wars_Darth_Vader_And_Stormtropper_Hooded_Blanket_800x.jpg?v=1517301108,1,,TRUE,Size,S,50
star-wars,,//cdn.shopify.com/s/files/1/2558/1496/products/E9914527FAFE91A7EE954874B7369BDE_800x.jpg?v=1517301108,2,,TRUE,,M,50
star-wars,,//cdn.shopify.com/s/files/1/2558/1496/products/80A40A1A4B71B639DF18EC80FFFE8B39_800x.jpg?v=1517301108,3,,TRUE,,L,50
ninja-turtle,Ninja Turtle ,//cdn.shopify.com/s/files/1/2558/1496/products/Ninja_Turtle_Cartoon_Hooded_Blanket_800x.jpg?v=1517385299,1,,TRUE,Size,S,50
ninja-turtle,,//cdn.shopify.com/s/files/1/2558/1496/products/E5A9D8A56475CEA01382A562960AD229_800x.jpg?v=1517385299,2,,TRUE,,M,50
ninja-turtle,,//cdn.shopify.com/s/files/1/2558/1496/products/994E625FC86A0D46EF9E6F9A2EE4ACAE_800x.jpg?v=1517385299,3,,TRUE,,L,50
pokemon,Pokemon ,//cdn.shopify.com/s/files/1/2558/1496/products/Pokemon_Pikachu_Hooded_Blanket_800x.jpg?v=1517385597,1,,TRUE,Size,S,50
pokemon,,//cdn.shopify.com/s/files/1/2558/1496/products/D249BC91343F98FA482B790179790C65_800x.jpg?v=1517385597,2,,TRUE,,M,50
pokemon,,//cdn.shopify.com/s/files/1/2558/1496/products/7BFF7BCFD39C3441DB80551A25779B2D_800x.jpg?v=1517385597,3,,TRUE,,L,50
ninja-turtle,Ninja Turtle ,//cdn.shopify.com/s/files/1/2558/1496/products/Ninja_Turtle_Hooded_Blanket_800x.jpg?v=1517305420,1,,TRUE,Size,S,50
ninja-turtle,,//cdn.shopify.com/s/files/1/2558/1496/products/619C25DBD2D43F6440D427F5A5268B51_800x.jpg?v=1517305420,2,,TRUE,,M,50
ninja-turtle,,//cdn.shopify.com/s/files/1/2558/1496/products/06BE09C3125DB057966B9AFF467D0BC1_800x.jpg?v=1517305420,3,,TRUE,,L,50
